{
  "experiment_name": "mnist_step_dge",
  "num_seeds": 3,
  "config": {
    "name": "mnist_step_dge",
    "dataset": "mnist",
    "activation": "step",
    "n_train": 3000,
    "n_test": 600,
    "batch_size": 256,
    "budget": 120000,
    "architecture": [
      784,
      32,
      10
    ],
    "optimizer": {
      "name": "dge",
      "lr": 0.5,
      "lr_decay": 0.01,
      "delta": 0.01,
      "greedy_w": 0.0,
      "clip_norm": 0.05,
      "dense_update": false
    }
  },
  "aggregated_metrics": {
    "final_test_accuracy_mean": 0.7294444444444445,
    "final_test_accuracy_std": 0.02753224820747524,
    "final_train_accuracy_mean": 0.7596666666666666,
    "final_train_accuracy_std": 0.011835289353204444,
    "total_evaluations_mean": 120000.0,
    "total_evaluations_std": 0.0,
    "wall_clock_time_mean": 103.11173129081726,
    "wall_clock_time_std": 5.813025899959872,
    "internal_overhead_time_mean": -169931.20104344687,
    "internal_overhead_time_std": 14628.02707120573,
    "function_evaluation_time_mean": 84.07255204518636,
    "function_evaluation_time_std": 4.410551927523435
  },
  "aggregated_history": {
    "evaluations": [
      0,
      12000,
      24000,
      36000,
      48000,
      60000,
      72000,
      84000,
      96000,
      108000,
      120000
    ],
    "train_accuracy_mean": [
      0.08177777777777778,
      0.45844444444444443,
      0.6164444444444445,
      0.6842222222222222,
      0.7321111111111112,
      0.7558888888888888,
      0.7707777777777777,
      0.7714444444444445,
      0.7693333333333333,
      0.7695555555555554,
      0.7596666666666666
    ],
    "train_accuracy_std": [
      0.012676409508401475,
      0.025690945707739617,
      0.02270639220381739,
      0.021834958944288513,
      0.011551281260770655,
      0.008093588378433027,
      0.005194964323360437,
      0.00641949192251299,
      0.00902260535584967,
      0.013987648872761086,
      0.011835289353204444
    ],
    "test_accuracy_mean": [
      0.0911111111111111,
      0.43944444444444447,
      0.5738888888888889,
      0.6327777777777778,
      0.6916666666666665,
      0.735,
      0.7272222222222222,
      0.7433333333333333,
      0.7161111111111111,
      0.7255555555555556,
      0.7294444444444445
    ],
    "test_accuracy_std": [
      0.0184758768314621,
      0.01286204100310024,
      0.015475986974649001,
      0.010030816714037653,
      0.013402597868683115,
      0.02273030282830978,
      0.01091493483577137,
      0.02407549853335606,
      0.016905693394114372,
      0.038713891978187434,
      0.02753224820747524
    ]
  }
}