{
  "experiment_name": "mnist_binary_random",
  "num_seeds": 3,
  "config": {
    "name": "mnist_binary_random",
    "dataset": "mnist",
    "weight_quantization": "binary",
    "use_bias": false,
    "n_train": 3000,
    "n_test": 600,
    "batch_size": 256,
    "budget": 150000,
    "architecture": [
      784,
      128,
      10
    ],
    "optimizer": {
      "name": "random",
      "lr": 0.5,
      "lr_decay": 0.01
    }
  },
  "aggregated_metrics": {
    "final_test_accuracy_mean": 0.43,
    "final_test_accuracy_std": 0.027318424118098344,
    "final_train_accuracy_mean": 0.4525555555555556,
    "final_train_accuracy_std": 0.02611985669141863,
    "total_evaluations_mean": 150000.0,
    "total_evaluations_std": 0.0,
    "wall_clock_time_mean": 336.9180796941121,
    "wall_clock_time_std": 35.188480483256704,
    "internal_overhead_time_mean": -8192334.81640013,
    "internal_overhead_time_std": 931962.9102643168,
    "function_evaluation_time_mean": 214.36687469482422,
    "function_evaluation_time_std": 19.00997760383633
  },
  "aggregated_history": {
    "evaluations": [
      0,
      15000,
      30000,
      45000,
      60000,
      75000,
      90000,
      105000,
      120000,
      135000,
      150000
    ],
    "train_accuracy_mean": [
      0.11633333333333333,
      0.32766666666666666,
      0.34544444444444444,
      0.34511111111111115,
      0.36788888888888893,
      0.3832222222222222,
      0.4017777777777778,
      0.43166666666666664,
      0.4421111111111111,
      0.447,
      0.4525555555555556
    ],
    "train_accuracy_std": [
      0.007318166133366723,
      0.0547972694642784,
      0.016778145691330314,
      0.017959488018218752,
      0.012824552070246712,
      0.007465145347662589,
      0.04327888316945185,
      0.027036326728366093,
      0.023667970751760126,
      0.023098821518760547,
      0.02611985669141863
    ],
    "test_accuracy_mean": [
      0.125,
      0.315,
      0.3211111111111111,
      0.3361111111111111,
      0.3561111111111111,
      0.37166666666666665,
      0.39888888888888885,
      0.4272222222222222,
      0.43277777777777776,
      0.43388888888888894,
      0.43
    ],
    "test_accuracy_std": [
      0.016043921197992944,
      0.05559443084285278,
      0.008642416214502239,
      0.03192390644124142,
      0.006849348892187751,
      0.010628403594282769,
      0.045872878562984484,
      0.04155169322514479,
      0.018274315781553904,
      0.026608733366284536,
      0.027318424118098344
    ]
  }
}