{
  "experiment_name": "mnist_mlp_dge",
  "num_seeds": 3,
  "config": {
    "name": "mnist_mlp_dge",
    "dataset": "mnist",
    "n_train": 3000,
    "n_test": 600,
    "batch_size": 256,
    "budget": 100000,
    "architecture": [
      784,
      32,
      10
    ],
    "optimizer": {
      "name": "dge",
      "lr": 0.5,
      "lr_decay": 0.01,
      "delta": 0.001,
      "greedy_w": 0.1,
      "clip_norm": 0.05,
      "dense_update": false
    }
  },
  "aggregated_metrics": {
    "final_test_accuracy_mean": 0.8811111111111112,
    "final_test_accuracy_std": 0.018872541946070003,
    "final_train_accuracy_mean": 0.9352222222222223,
    "final_train_accuracy_std": 0.002726187588085593,
    "total_evaluations_mean": 100020.0,
    "total_evaluations_std": 0.0,
    "wall_clock_time_mean": 81.36333274841309,
    "wall_clock_time_std": 0.14051959312215945,
    "internal_overhead_time_mean": -111214.6382613182,
    "internal_overhead_time_std": 313.1722021464948,
    "function_evaluation_time_mean": 66.60444577534993,
    "function_evaluation_time_std": 0.12106687295494781
  },
  "aggregated_history": {
    "evaluations": [
      0,
      10020,
      20010,
      30000,
      40020,
      50010,
      60000,
      70020,
      80010,
      90000,
      100020
    ],
    "train_accuracy_mean": [
      0.10288888888888888,
      0.6537777777777777,
      0.8187777777777777,
      0.8648888888888888,
      0.8895555555555555,
      0.9008888888888889,
      0.914,
      0.9221111111111112,
      0.9285555555555556,
      0.9324444444444445,
      0.9352222222222223
    ],
    "train_accuracy_std": [
      0.011754694360389503,
      0.019881749184045252,
      0.008301420375267925,
      0.0071197863749336765,
      0.004794544224531414,
      0.005445578113263477,
      0.0028803291992924077,
      0.0008314794192830955,
      0.003552081636254655,
      0.0023147407395555024,
      0.002726187588085593
    ],
    "test_accuracy_mean": [
      0.10722222222222222,
      0.6238888888888888,
      0.7994444444444445,
      0.8372222222222222,
      0.8544444444444445,
      0.8683333333333333,
      0.8805555555555555,
      0.8794444444444444,
      0.8777777777777778,
      0.8822222222222221,
      0.8811111111111112
    ],
    "test_accuracy_std": [
      0.01982952033063861,
      0.012196943555611186,
      0.019261039803733015,
      0.016120686809496573,
      0.022825153982415736,
      0.018856180831641284,
      0.014989708403591139,
      0.015772299518420404,
      0.014677605348469893,
      0.017760408181273092,
      0.018872541946070003
    ]
  }
}