{
  "experiment_name": "mnist_mlp_random",
  "num_seeds": 3,
  "config": {
    "name": "mnist_mlp_random",
    "dataset": "mnist",
    "n_train": 3000,
    "n_test": 600,
    "batch_size": 256,
    "budget": 100000,
    "architecture": [
      784,
      32,
      10
    ],
    "optimizer": {
      "name": "random",
      "lr": 0.5,
      "lr_decay": 0.01
    }
  },
  "aggregated_metrics": {
    "final_test_accuracy_mean": 0.8111111111111112,
    "final_test_accuracy_std": 0.013899995559107588,
    "final_train_accuracy_mean": 0.8762222222222222,
    "final_train_accuracy_std": 0.007274172134814615,
    "total_evaluations_mean": 100000.0,
    "total_evaluations_std": 0.0,
    "wall_clock_time_mean": 129.5045759677887,
    "wall_clock_time_std": 5.191499202960608,
    "internal_overhead_time_mean": -2490242.015758753,
    "internal_overhead_time_std": 91400.44410949267,
    "function_evaluation_time_mean": 97.96142156918843,
    "function_evaluation_time_std": 4.18404272724427
  },
  "aggregated_history": {
    "evaluations": [
      0,
      10000,
      20000,
      30000,
      40000,
      50000,
      60000,
      70000,
      80000,
      90000,
      100000
    ],
    "train_accuracy_mean": [
      0.10288888888888888,
      0.7557777777777778,
      0.7787777777777777,
      0.7942222222222223,
      0.8079999999999999,
      0.826,
      0.8473333333333333,
      0.8584444444444445,
      0.867,
      0.8742222222222221,
      0.8762222222222222
    ],
    "train_accuracy_std": [
      0.011754694360389503,
      0.0150217948657161,
      0.015212892518039837,
      0.0048099690715363245,
      0.016085420129444562,
      0.0050405760987616965,
      0.009241612814190338,
      0.009134117295362074,
      0.009903235535625428,
      0.007025526648683233,
      0.007274172134814615
    ],
    "test_accuracy_mean": [
      0.10722222222222222,
      0.7183333333333334,
      0.7383333333333333,
      0.7594444444444445,
      0.7466666666666667,
      0.77,
      0.8011111111111111,
      0.7999999999999999,
      0.8044444444444444,
      0.8094444444444445,
      0.8111111111111112
    ],
    "test_accuracy_std": [
      0.01982952033063861,
      0.030307070437746313,
      0.012981468272831007,
      0.0054997194092287404,
      0.013402597868683114,
      0.0054433105395181635,
      0.01429408925585402,
      0.015153535218873157,
      0.013899995559107538,
      0.015173889204164077,
      0.013899995559107588
    ]
  }
}