{
  "experiment_name": "mnist_step_spsa",
  "num_seeds": 3,
  "config": {
    "name": "mnist_step_spsa",
    "dataset": "mnist",
    "activation": "step",
    "n_train": 3000,
    "n_test": 600,
    "batch_size": 256,
    "budget": 120000,
    "architecture": [
      784,
      32,
      10
    ],
    "optimizer": {
      "name": "spsa",
      "lr": 0.01,
      "lr_decay": 0.01,
      "delta": 0.01
    }
  },
  "aggregated_metrics": {
    "final_test_accuracy_mean": 0.6238888888888888,
    "final_test_accuracy_std": 0.010570165328022477,
    "final_train_accuracy_mean": 0.6510000000000001,
    "final_train_accuracy_std": 0.02351988914058025,
    "total_evaluations_mean": 120000.0,
    "total_evaluations_std": 0.0,
    "wall_clock_time_mean": 116.11613035202026,
    "wall_clock_time_std": 6.822845668091086,
    "internal_overhead_time_mean": -2766146.086760203,
    "internal_overhead_time_std": 147892.7802609545,
    "function_evaluation_time_mean": 90.7017715771993,
    "function_evaluation_time_std": 5.324678351037885
  },
  "aggregated_history": {
    "evaluations": [
      0,
      12000,
      24000,
      36000,
      48000,
      60000,
      72000,
      84000,
      96000,
      108000,
      120000
    ],
    "train_accuracy_mean": [
      0.08177777777777778,
      0.5866666666666667,
      0.6246666666666666,
      0.6164444444444445,
      0.6187777777777778,
      0.6282222222222222,
      0.6241111111111112,
      0.6230000000000001,
      0.6357777777777778,
      0.644888888888889,
      0.6510000000000001
    ],
    "train_accuracy_std": [
      0.012676409508401475,
      0.023028163111639986,
      0.004642796092394711,
      0.014469209539271903,
      0.010213764617139028,
      0.012209083847490818,
      0.032637553164157534,
      0.025587902234078128,
      0.02381150256327787,
      0.02055585585366232,
      0.02351988914058025
    ],
    "test_accuracy_mean": [
      0.0911111111111111,
      0.5511111111111112,
      0.5777777777777778,
      0.5905555555555555,
      0.5944444444444444,
      0.6283333333333333,
      0.6077777777777779,
      0.6077777777777778,
      0.6161111111111112,
      0.63,
      0.6238888888888888
    ],
    "test_accuracy_std": [
      0.0184758768314621,
      0.007973722274670731,
      0.008748897637790897,
      0.00749485420179557,
      0.010304020550550812,
      0.007576767609436574,
      0.0217874128345862,
      0.019922690085601234,
      0.023661710487829817,
      0.012472191289246483,
      0.010570165328022477
    ]
  }
}