{
  "experiment_name": "mnist_ternary_dge",
  "num_seeds": 3,
  "config": {
    "name": "mnist_ternary_dge",
    "dataset": "mnist",
    "weight_quantization": "ternary",
    "init_mode": "uniform",
    "use_bias": false,
    "n_train": 3000,
    "n_test": 600,
    "batch_size": 256,
    "budget": 150000,
    "architecture": [
      784,
      128,
      10
    ],
    "optimizer": {
      "name": "dge",
      "lr": 0.5,
      "lr_decay": 0.01,
      "delta": 0.05,
      "greedy_w": 0.3,
      "clip_norm": 0.1,
      "dense_update": false
    }
  },
  "aggregated_metrics": {
    "final_test_accuracy_mean": 0.4366666666666667,
    "final_test_accuracy_std": 0.01655518269527927,
    "final_train_accuracy_mean": 0.48288888888888887,
    "final_train_accuracy_std": 0.023823942723940145,
    "total_evaluations_mean": 150008.0,
    "total_evaluations_std": 0.0,
    "wall_clock_time_mean": 327.89058963457745,
    "wall_clock_time_std": 20.02846845606456,
    "internal_overhead_time_mean": -561855.3720506033,
    "internal_overhead_time_std": 31240.189087971903,
    "function_evaluation_time_mean": 256.73479652404785,
    "function_evaluation_time_std": 15.623741143822924
  },
  "aggregated_history": {
    "evaluations": [
      0,
      15028,
      30022,
      45016,
      60010,
      75004,
      90032,
      105026,
      120020,
      135014,
      150008
    ],
    "train_accuracy_mean": [
      0.09977777777777778,
      0.26122222222222224,
      0.33377777777777773,
      0.38455555555555554,
      0.4285555555555555,
      0.457,
      0.4808888888888889,
      0.4955555555555556,
      0.4998888888888889,
      0.4898888888888889,
      0.48288888888888887
    ],
    "train_accuracy_std": [
      0.019201337401980396,
      0.025380560267775278,
      0.045272290055988776,
      0.05853541715686663,
      0.0472168624409271,
      0.03766912479688057,
      0.029509989938541814,
      0.024434846600604267,
      0.018573843283526098,
      0.02288834950820781,
      0.023823942723940145
    ],
    "test_accuracy_mean": [
      0.08722222222222221,
      0.2222222222222222,
      0.29388888888888887,
      0.34555555555555556,
      0.38666666666666666,
      0.4083333333333334,
      0.4288888888888889,
      0.45166666666666666,
      0.45166666666666666,
      0.44555555555555554,
      0.4366666666666667
    ],
    "test_accuracy_std": [
      0.022124786390822087,
      0.02334655709938965,
      0.044186752944773734,
      0.06197869008531365,
      0.04578532839563671,
      0.030912061651652348,
      0.02135820309637898,
      0.01976716319406353,
      0.01088662107903635,
      0.015173889204164077,
      0.01655518269527927
    ]
  }
}