{
  "experiment_name": "mnist_mlp_spsa",
  "num_seeds": 3,
  "config": {
    "name": "mnist_mlp_spsa",
    "dataset": "mnist",
    "n_train": 3000,
    "n_test": 600,
    "batch_size": 256,
    "budget": 100000,
    "architecture": [
      784,
      32,
      10
    ],
    "optimizer": {
      "name": "spsa",
      "lr": 0.01,
      "lr_decay": 0.01,
      "delta": 0.01
    }
  },
  "aggregated_metrics": {
    "final_test_accuracy_mean": 0.635,
    "final_test_accuracy_std": 0.04082482904638634,
    "final_train_accuracy_mean": 0.6677777777777778,
    "final_train_accuracy_std": 0.02490624394914496,
    "total_evaluations_mean": 100000.0,
    "total_evaluations_std": 0.0,
    "wall_clock_time_mean": 126.82683396339417,
    "wall_clock_time_std": 1.7108419735881335,
    "internal_overhead_time_mean": -2565317.82753253,
    "internal_overhead_time_std": 112445.25121823426,
    "function_evaluation_time_mean": 106.12287950515747,
    "function_evaluation_time_std": 1.4323781816722934
  },
  "aggregated_history": {
    "evaluations": [
      0,
      10000,
      20000,
      30000,
      40000,
      50000,
      60000,
      70000,
      80000,
      90000,
      100000
    ],
    "train_accuracy_mean": [
      0.10288888888888888,
      0.5237777777777778,
      0.5893333333333334,
      0.6126666666666667,
      0.618,
      0.6296666666666667,
      0.6473333333333334,
      0.6555555555555556,
      0.6664444444444445,
      0.6677777777777778,
      0.6677777777777778
    ],
    "train_accuracy_std": [
      0.011754694360389503,
      0.04585430496638913,
      0.025622617323734085,
      0.027130685101450624,
      0.028512505378569652,
      0.031106745725479387,
      0.03440930106817049,
      0.02453921024617894,
      0.026569731223404378,
      0.02490624394914496,
      0.02490624394914496
    ],
    "test_accuracy_mean": [
      0.10722222222222222,
      0.5272222222222221,
      0.5777777777777777,
      0.5966666666666667,
      0.5911111111111111,
      0.5988888888888889,
      0.6127777777777778,
      0.6266666666666666,
      0.633888888888889,
      0.635,
      0.635
    ],
    "test_accuracy_std": [
      0.01982952033063861,
      0.050043191221726846,
      0.0245452467048606,
      0.07575545451575676,
      0.05534961830865304,
      0.04119361091537027,
      0.04702901652237402,
      0.04436798979578093,
      0.042192972324550077,
      0.04082482904638634,
      0.04082482904638634
    ]
  }
}