{
  "experiment_name": "mnist_ternary_random",
  "num_seeds": 3,
  "config": {
    "name": "mnist_ternary_random",
    "dataset": "mnist",
    "weight_quantization": "ternary",
    "init_mode": "uniform",
    "use_bias": false,
    "n_train": 3000,
    "n_test": 600,
    "batch_size": 256,
    "budget": 150000,
    "architecture": [
      784,
      128,
      10
    ],
    "optimizer": {
      "name": "random",
      "lr": 0.5,
      "lr_decay": 0.01
    }
  },
  "aggregated_metrics": {
    "final_test_accuracy_mean": 0.3211111111111111,
    "final_test_accuracy_std": 0.05761194149192626,
    "final_train_accuracy_mean": 0.3502222222222222,
    "final_train_accuracy_std": 0.06919662448057833,
    "total_evaluations_mean": 150000.0,
    "total_evaluations_std": 0.0,
    "wall_clock_time_mean": 383.2532142003377,
    "wall_clock_time_std": 27.70820640798542,
    "internal_overhead_time_mean": -9771044.474119425,
    "internal_overhead_time_std": 615230.6261905007,
    "function_evaluation_time_mean": 263.1856761773427,
    "function_evaluation_time_std": 20.12261982691889
  },
  "aggregated_history": {
    "evaluations": [
      0,
      15000,
      30000,
      45000,
      60000,
      75000,
      90000,
      105000,
      120000,
      135000,
      150000
    ],
    "train_accuracy_mean": [
      0.09977777777777778,
      0.25033333333333335,
      0.2658888888888889,
      0.2831111111111111,
      0.30233333333333334,
      0.31322222222222224,
      0.29433333333333334,
      0.31455555555555553,
      0.33288888888888885,
      0.34544444444444444,
      0.3502222222222222
    ],
    "train_accuracy_std": [
      0.019201337401980396,
      0.028520298164770433,
      0.04352975426272058,
      0.04619630683758279,
      0.06111252523616366,
      0.06162571212620368,
      0.04401009985093068,
      0.050906838173662934,
      0.062202973213048365,
      0.06937036048328024,
      0.06919662448057833
    ],
    "test_accuracy_mean": [
      0.08722222222222221,
      0.2088888888888889,
      0.24222222222222223,
      0.27166666666666667,
      0.28277777777777774,
      0.2916666666666667,
      0.27,
      0.2905555555555555,
      0.30444444444444446,
      0.3194444444444444,
      0.3211111111111111
    ],
    "test_accuracy_std": [
      0.022124786390822087,
      0.017967735143106924,
      0.02756585828901174,
      0.03472111109333277,
      0.05103254831628849,
      0.06717859006382139,
      0.036843010292420555,
      0.05392610398831,
      0.06028225789802462,
      0.058060207150172904,
      0.05761194149192626
    ]
  }
}