{
  "experiment_name": "mnist_step_random",
  "num_seeds": 3,
  "config": {
    "name": "mnist_step_random",
    "dataset": "mnist",
    "activation": "step",
    "n_train": 3000,
    "n_test": 600,
    "batch_size": 256,
    "budget": 120000,
    "architecture": [
      784,
      32,
      10
    ],
    "optimizer": {
      "name": "random",
      "lr": 0.5,
      "lr_decay": 0.01
    }
  },
  "aggregated_metrics": {
    "final_test_accuracy_mean": 0.6699999999999999,
    "final_test_accuracy_std": 0.01062840359428281,
    "final_train_accuracy_mean": 0.6975555555555556,
    "final_train_accuracy_std": 0.005877347180194789,
    "total_evaluations_mean": 120000.0,
    "total_evaluations_std": 0.0,
    "wall_clock_time_mean": 129.80065218607584,
    "wall_clock_time_std": 6.779325736048995,
    "internal_overhead_time_mean": -2601143.177261432,
    "internal_overhead_time_std": 102374.4321360869,
    "function_evaluation_time_mean": 88.8988127708435,
    "function_evaluation_time_std": 4.0368215742693225
  },
  "aggregated_history": {
    "evaluations": [
      0,
      12000,
      24000,
      36000,
      48000,
      60000,
      72000,
      84000,
      96000,
      108000,
      120000
    ],
    "train_accuracy_mean": [
      0.08177777777777778,
      0.541,
      0.6186666666666666,
      0.6216666666666667,
      0.6476666666666667,
      0.6645555555555556,
      0.6745555555555556,
      0.6854444444444444,
      0.6894444444444444,
      0.6957777777777778,
      0.6975555555555556
    ],
    "train_accuracy_std": [
      0.012676409508401475,
      0.004768725274194451,
      0.022142635260878382,
      0.0038103173776627484,
      0.006061414087549245,
      0.011678829638640836,
      0.005479479113750192,
      0.0038618104882183826,
      0.0036750745352313414,
      0.00656214358232596,
      0.005877347180194789
    ],
    "test_accuracy_mean": [
      0.0911111111111111,
      0.5188888888888888,
      0.5988888888888889,
      0.6216666666666666,
      0.6372222222222222,
      0.658888888888889,
      0.6438888888888888,
      0.6455555555555555,
      0.6572222222222223,
      0.6611111111111111,
      0.6699999999999999
    ],
    "test_accuracy_std": [
      0.0184758768314621,
      0.012196943555611161,
      0.02988661701402838,
      0.005931710140017397,
      0.01723118046585649,
      0.0054997194092287404,
      0.019735910742590682,
      0.003142696805273565,
      0.007494854201795571,
      0.005499719409228692,
      0.01062840359428281
    ]
  }
}