{
  "experiment_name": "mnist_binary_dge",
  "num_seeds": 3,
  "config": {
    "name": "mnist_binary_dge",
    "dataset": "mnist",
    "weight_quantization": "binary",
    "use_bias": false,
    "n_train": 3000,
    "n_test": 600,
    "batch_size": 256,
    "budget": 150000,
    "architecture": [
      784,
      128,
      10
    ],
    "optimizer": {
      "name": "dge",
      "lr": 0.5,
      "lr_decay": 0.01,
      "delta": 0.01,
      "greedy_w": 0.3,
      "clip_norm": 0.1,
      "dense_update": false
    }
  },
  "aggregated_metrics": {
    "final_test_accuracy_mean": 0.5327777777777777,
    "final_test_accuracy_std": 0.023425742935897803,
    "final_train_accuracy_mean": 0.5605555555555556,
    "final_train_accuracy_std": 0.03128877840889587,
    "total_evaluations_mean": 150008.0,
    "total_evaluations_std": 0.0,
    "wall_clock_time_mean": 284.4293999671936,
    "wall_clock_time_std": 36.891536055490135,
    "internal_overhead_time_mean": -459982.41088406247,
    "internal_overhead_time_std": 52547.83388389662,
    "function_evaluation_time_mean": 210.08165772755942,
    "function_evaluation_time_std": 25.612642837401495
  },
  "aggregated_history": {
    "evaluations": [
      0,
      15028,
      30022,
      45016,
      60010,
      75004,
      90032,
      105026,
      120020,
      135014,
      150008
    ],
    "train_accuracy_mean": [
      0.11633333333333333,
      0.5174444444444445,
      0.5972222222222222,
      0.6381111111111112,
      0.6587777777777778,
      0.6703333333333333,
      0.6656666666666667,
      0.6598888888888889,
      0.6267777777777778,
      0.5952222222222222,
      0.5605555555555556
    ],
    "train_accuracy_std": [
      0.007318166133366723,
      0.056349000670315424,
      0.0581239628873358,
      0.07162884445546143,
      0.059105889493683325,
      0.036664646408990455,
      0.03023733282378419,
      0.038021761150526065,
      0.02598337550183068,
      0.027001143094229574,
      0.03128877840889587
    ],
    "test_accuracy_mean": [
      0.125,
      0.49722222222222223,
      0.5766666666666668,
      0.6088888888888889,
      0.6455555555555555,
      0.6416666666666667,
      0.6372222222222222,
      0.6272222222222222,
      0.5927777777777777,
      0.585,
      0.5327777777777777
    ],
    "test_accuracy_std": [
      0.016043921197992944,
      0.061363116762151435,
      0.059830006097522946,
      0.0794696929575384,
      0.06716940073472243,
      0.03410224278493954,
      0.029575181453791493,
      0.036064071926927704,
      0.0198295203306386,
      0.019293061504650395,
      0.023425742935897803
    ]
  }
}