{
  "experiment_name": "rosenbrock_d128_dge",
  "num_seeds": 5,
  "config": {
    "name": "rosenbrock_d128_dge",
    "benchmark": "rosenbrock",
    "dimension": 128,
    "budget": 50000,
    "init_range": [
      -2.0,
      2.0
    ],
    "optimizer": {
      "name": "dge",
      "lr": 0.1,
      "lr_decay": 0.01,
      "delta": 0.01,
      "greedy_w": 0.0
    }
  },
  "aggregated_metrics": {
    "final_objective_mean": 136.0390869140625,
    "final_objective_std": 22.275574239941022
  },
  "aggregated_history": {
    "evaluations": [
      0,
      504,
      1008,
      1512,
      2002,
      2506,
      3010,
      3500,
      4004,
      4508,
      5012,
      5502,
      6006,
      6510,
      7000,
      7504,
      8008,
      8512,
      9002,
      9506,
      10010,
      10500,
      11004,
      11508,
      12012,
      12502,
      13006,
      13510,
      14000,
      14504,
      15008,
      15512,
      16002,
      16506,
      17010,
      17500,
      18004,
      18508,
      19012,
      19502,
      20006,
      20510,
      21000,
      21504,
      22008,
      22512,
      23002,
      23506,
      24010,
      24500,
      25004,
      25508,
      26012,
      26502,
      27006,
      27510,
      28000,
      28504,
      29008,
      29512,
      30002,
      30506,
      31010,
      31500,
      32004,
      32508,
      33012,
      33502,
      34006,
      34510,
      35000,
      35504,
      36008,
      36512,
      37002,
      37506,
      38010,
      38500,
      39004,
      39508,
      40012,
      40502,
      41006,
      41510,
      42000,
      42504,
      43008,
      43512,
      44002,
      44506,
      45010,
      45500,
      46004,
      46508,
      47012,
      47502,
      48006,
      48510,
      49000,
      49504,
      50008
    ],
    "objective_value_mean": [
      52460.10859375,
      23101.52421875,
      10677.61328125,
      6067.57705078125,
      3903.41787109375,
      2768.944140625,
      2034.90498046875,
      1599.6359130859375,
      1321.96259765625,
      1124.300634765625,
      977.3573974609375,
      868.8153930664063,
      782.6771606445312,
      706.7705688476562,
      643.2362915039063,
      589.1601379394531,
      541.6664733886719,
      501.2566833496094,
      462.435400390625,
      427.17633666992185,
      399.2583740234375,
      372.8466491699219,
      347.8203063964844,
      325.2828063964844,
      305.5125793457031,
      288.15419311523436,
      272.2262023925781,
      257.3162567138672,
      245.18506469726563,
      234.2004364013672,
      224.94617309570313,
      216.66498413085938,
      209.76524047851564,
      203.44231872558595,
      197.5562255859375,
      191.93099060058594,
      186.80453491210938,
      182.14405670166016,
      177.96629638671874,
      173.84707946777343,
      169.8851806640625,
      166.67998352050782,
      163.36768798828126,
      159.8373809814453,
      157.01373291015625,
      154.53386993408202,
      152.3741012573242,
      150.36488037109376,
      148.72111053466796,
      147.39032897949218,
      146.11546936035157,
      145.0742218017578,
      144.13322906494142,
      143.3345489501953,
      142.5808837890625,
      141.8746124267578,
      141.22525634765626,
      140.5125946044922,
      139.86009979248047,
      139.3201110839844,
      138.71014709472655,
      138.18482208251953,
      137.79058380126952,
      137.45126342773438,
      137.1284439086914,
      136.8807159423828,
      136.6676773071289,
      136.49639587402345,
      136.38473510742188,
      136.30484771728516,
      136.242041015625,
      136.19911346435546,
      136.16836853027343,
      136.1437759399414,
      136.12527923583986,
      136.11099700927736,
      136.0995666503906,
      136.0904510498047,
      136.0821960449219,
      136.0758285522461,
      136.0711654663086,
      136.0668975830078,
      136.06290130615236,
      136.05963745117188,
      136.05695190429688,
      136.05435028076172,
      136.05223693847657,
      136.05043029785156,
      136.04874572753906,
      136.04720153808594,
      136.0459228515625,
      136.04472961425782,
      136.04368743896484,
      136.04279174804688,
      136.04207763671874,
      136.04138641357423,
      136.04077911376953,
      136.04033355712892,
      136.03994750976562,
      136.0395034790039,
      136.0390869140625
    ],
    "objective_value_std": [
      6567.670682701256,
      3822.160347914552,
      1665.8199847546466,
      883.8820754607531,
      509.82809480221067,
      345.09505837789817,
      207.6675059425104,
      151.3447561720642,
      117.06680407512934,
      96.25805128951694,
      90.16507633020841,
      79.53590401710277,
      68.20036024880054,
      59.99562775277971,
      53.934051199438954,
      48.385513451367196,
      45.34652641350991,
      42.28578044420082,
      36.76529880256878,
      33.97971106798138,
      31.785535446400093,
      29.40615127031427,
      29.325632402705043,
      29.280147442618013,
      31.708410587713907,
      33.0593776002938,
      35.0328667888475,
      36.71118553462323,
      38.61069428759361,
      40.98898000573761,
      43.29949425287332,
      45.43891083124083,
      46.901169038041616,
      48.128579993132725,
      49.16641660722866,
      49.63135180245703,
      49.98544173130053,
      49.663118075786265,
      49.24904064571561,
      48.68766392650636,
      47.98249414825264,
      47.156398854281434,
      46.35533127331324,
      45.38959404730981,
      44.644071425023014,
      43.716632110345564,
      42.823473627238684,
      41.83125793884033,
      40.725209186360644,
      39.79295756194927,
      38.70175928888236,
      37.728307400304,
      36.561223533132136,
      35.51492415772291,
      34.40227322015409,
      33.249469597116146,
      32.12184260305729,
      30.819057571539823,
      29.59538335041833,
      28.572238624249234,
      27.394682792982977,
      26.374995106580034,
      25.609386040396412,
      24.94636270696813,
      24.314796237031597,
      23.831389798707978,
      23.415160267428952,
      23.080932972705224,
      22.86545477408979,
      22.713378700879534,
      22.594334957509616,
      22.51570571149517,
      22.46057571352406,
      22.417465049080867,
      22.3861298635174,
      22.363087968395835,
      22.344819420656723,
      22.331208363647985,
      22.319379492960373,
      22.31112199002839,
      22.306069232211104,
      22.301001875260432,
      22.2963902479867,
      22.29299785439243,
      22.290356469759324,
      22.287797185615187,
      22.285990602146978,
      22.284448311397117,
      22.282981335184072,
      22.28160851621554,
      22.280638044105533,
      22.279654284836948,
      22.27875924264133,
      22.27798784953946,
      22.27754445678476,
      22.277051207968217,
      22.27662160206247,
      22.276362176889414,
      22.276164099849137,
      22.275856602884136,
      22.275574239941022
    ]
  }
}