{
  "experiment_name": "rosenbrock_d128_random",
  "num_seeds": 5,
  "config": {
    "name": "rosenbrock_d128_random",
    "benchmark": "rosenbrock",
    "dimension": 128,
    "budget": 50000,
    "init_range": [
      -2.0,
      2.0
    ],
    "optimizer": {
      "name": "random",
      "lr": 0.1,
      "lr_decay": 0.01
    }
  },
  "aggregated_metrics": {
    "final_objective_mean": 120.01374088541759,
    "final_objective_std": 1.1721275876564126
  },
  "aggregated_history": {
    "evaluations": [
      0,
      500,
      1000,
      1500,
      2000,
      2500,
      3000,
      3500,
      4000,
      4500,
      5000,
      5500,
      6000,
      6500,
      7000,
      7500,
      8000,
      8500,
      9000,
      9500,
      10000,
      10500,
      11000,
      11500,
      12000,
      12500,
      13000,
      13500,
      14000,
      14500,
      15000,
      15500,
      16000,
      16500,
      17000,
      17500,
      18000,
      18500,
      19000,
      19500,
      20000,
      20500,
      21000,
      21500,
      22000,
      22500,
      23000,
      23500,
      24000,
      24500,
      25000,
      25500,
      26000,
      26500,
      27000,
      27500,
      28000,
      28500,
      29000,
      29500,
      30000,
      30500,
      31000,
      31500,
      32000,
      32500,
      33000,
      33500,
      34000,
      34500,
      35000,
      35500,
      36000,
      36500,
      37000,
      37500,
      38000,
      38500,
      39000,
      39500,
      40000,
      40500,
      41000,
      41500,
      42000,
      42500,
      43000,
      43500,
      44000,
      44500,
      45000,
      45500,
      46000,
      46500,
      47000,
      47500,
      48000,
      48500,
      49000,
      49500,
      50000
    ],
    "objective_value_mean": [
      52460.10859375,
      30522.21001502031,
      17277.67738541864,
      9701.637200384852,
      5156.841809041665,
      2692.6104052482915,
      1474.7578945505952,
      905.125548678256,
      610.2687657349269,
      436.8860929058339,
      318.8720670010946,
      249.33234918408948,
      213.2758043525635,
      186.95005332734482,
      182.68497732678992,
      181.66474610831514,
      180.01181570869304,
      176.98813631333368,
      175.47267620776137,
      167.84845994773485,
      163.69597343746813,
      166.62546608498803,
      161.79718024742226,
      161.80385632709473,
      162.5433492664109,
      162.01822132440932,
      163.02990460469368,
      158.74410790354827,
      158.87414474159806,
      158.71868000617093,
      155.58968374799133,
      155.26220478124236,
      155.74900404507102,
      153.31953672801575,
      152.33048101452664,
      151.7711576160852,
      151.32586108578712,
      149.31657692469696,
      147.4735905081405,
      145.89923962938605,
      145.29497021481083,
      143.86892645269887,
      144.17986530393728,
      141.8756900174078,
      142.27254273918257,
      141.06094630169144,
      138.97257204055873,
      138.80278503270415,
      138.00548459469445,
      136.72570515624753,
      136.08320299105935,
      135.53716139142776,
      134.57404687719935,
      133.8364919066326,
      132.50274765706405,
      132.01445855572535,
      131.85871454821304,
      131.04022751756696,
      130.4203236646128,
      129.0338910246042,
      128.65630435629953,
      128.06678018542095,
      127.73284904489455,
      127.3949629393499,
      127.26653538551338,
      126.51307434075075,
      125.88865381198006,
      125.66325492748543,
      124.8968145940496,
      124.42892087277986,
      124.15971075276013,
      124.01080588652226,
      123.69861257071219,
      123.3849571249003,
      123.11287138906104,
      122.80825730382597,
      122.57038461130087,
      122.32454463418082,
      122.18747749777435,
      121.89270817237585,
      121.70416909282994,
      121.58851252538898,
      121.41915842431698,
      121.20755667671544,
      121.10751087615725,
      120.99196354479935,
      120.88056210437942,
      120.79431986652139,
      120.68165858053105,
      120.5930093073082,
      120.50824629874819,
      120.4308457319753,
      120.36351624355893,
      120.29811542979044,
      120.24987799278396,
      120.1950750885339,
      120.15257486608989,
      120.11363857816278,
      120.07742912074991,
      120.046667905289,
      120.01374088541759
    ],
    "objective_value_std": [
      6567.670682701256,
      4181.564997578681,
      2644.537923689885,
      1629.017545395016,
      856.7341312735815,
      455.4717958422083,
      166.51286261937582,
      80.21037830299248,
      38.68198956402984,
      32.364527505148295,
      32.2079417572029,
      25.825103236600267,
      21.926455221539335,
      23.120056044440467,
      25.841248979327705,
      21.923736891447305,
      20.922318663128177,
      22.123015455022042,
      11.356369683103392,
      4.937402689064551,
      5.035187161861824,
      2.2224864520210015,
      2.8204791800190887,
      2.984897308039177,
      2.8936866387673685,
      2.966349129521655,
      3.8012190869310016,
      2.4120309594303615,
      2.3951217459873884,
      3.6950284334593855,
      2.4770780716244483,
      3.458539057938445,
      3.0393528558051286,
      2.818357544653799,
      1.5169876664037378,
      2.1237468212802693,
      3.3545963813310813,
      2.9514232434659813,
      1.7069934094371206,
      2.144812908683198,
      1.8890138641620051,
      3.6462540398696692,
      2.15745774590636,
      1.6204561747816904,
      1.980843670548242,
      1.0300680362513006,
      1.7299033320035055,
      1.014579146331908,
      2.368863971439805,
      3.1864582221098794,
      2.0698558955642694,
      1.5518049835978223,
      1.616816711184199,
      2.496291046349631,
      0.6889160620415032,
      1.4812405354435323,
      1.652182539779371,
      1.275423729182823,
      1.3167780320282365,
      2.090529456283528,
      1.766970787459199,
      1.5040429148567258,
      1.319209346955078,
      2.3003721343312793,
      1.3313505892036026,
      1.115499048813472,
      1.1062694298450397,
      1.3958273513614678,
      1.4965021390123008,
      1.3836272859098429,
      1.105114362073094,
      1.1028487490103276,
      1.3893131179269782,
      1.2996446737634357,
      1.3533552915674554,
      1.2860434369463711,
      1.2245962245630033,
      1.2253159321917113,
      1.2103162014109479,
      1.2698608568720877,
      1.2836233765208498,
      1.169253361123223,
      1.229366259100732,
      1.2288006434012408,
      1.2264277167344184,
      1.2027005614838489,
      1.2102014888162826,
      1.1835378303827422,
      1.2052323422202118,
      1.1908777986819918,
      1.1856040617757706,
      1.1834554501811296,
      1.182999454515747,
      1.1750516590646773,
      1.176152704814841,
      1.1748187418811114,
      1.1741569132615344,
      1.1759899766424549,
      1.1744477596121956,
      1.1727671822062766,
      1.1721275876564126
    ]
  }
}