{
  "experiment_name": "sparse_sphere_d128_random",
  "num_seeds": 5,
  "config": {
    "name": "sparse_sphere_d128_random",
    "benchmark": "sparse_sphere",
    "dimension": 128,
    "budget": 20000,
    "init_range": [
      2.0,
      5.0
    ],
    "optimizer": {
      "name": "random",
      "lr": 1.0,
      "lr_decay": 0.01
    }
  },
  "aggregated_metrics": {
    "final_objective_mean": 4.2298762421032036e-05,
    "final_objective_std": 6.131673000422712e-06
  },
  "aggregated_history": {
    "evaluations": [
      0,
      200,
      400,
      600,
      800,
      1000,
      1200,
      1400,
      1600,
      1800,
      2000,
      2200,
      2400,
      2600,
      2800,
      3000,
      3200,
      3400,
      3600,
      3800,
      4000,
      4200,
      4400,
      4600,
      4800,
      5000,
      5200,
      5400,
      5600,
      5800,
      6000,
      6200,
      6400,
      6600,
      6800,
      7000,
      7200,
      7400,
      7600,
      7800,
      8000,
      8200,
      8400,
      8600,
      8800,
      9000,
      9200,
      9400,
      9600,
      9800,
      10000,
      10200,
      10400,
      10600,
      10800,
      11000,
      11200,
      11400,
      11600,
      11800,
      12000,
      12200,
      12400,
      12600,
      12800,
      13000,
      13200,
      13400,
      13600,
      13800,
      14000,
      14200,
      14400,
      14600,
      14800,
      15000,
      15200,
      15400,
      15600,
      15800,
      16000,
      16200,
      16400,
      16600,
      16800,
      17000,
      17200,
      17400,
      17600,
      17800,
      18000,
      18200,
      18400,
      18600,
      18800,
      19000,
      19200,
      19400,
      19600,
      19800,
      20000
    ],
    "objective_value_mean": [
      148.6311813354492,
      28.135598257368894,
      0.5646649298446605,
      0.36499742555616305,
      0.45388172518384345,
      0.4233922291083928,
      0.5849566595569018,
      0.5009451972301486,
      0.33140195041991455,
      0.36171772759678567,
      0.350527550779337,
      0.4104171685976616,
      0.4090193179018554,
      0.42422979019890217,
      0.43630047078483847,
      0.4510181389375874,
      0.389426667243865,
      0.3970179421489991,
      0.4270744173499189,
      0.42911452592300386,
      0.4251667377145295,
      0.3320192022831451,
      0.39285356261961696,
      0.3301231023822981,
      0.3883106786536341,
      0.31358781468899,
      0.25749166454586825,
      0.24889370940025865,
      0.37438861271663837,
      0.32102247394717803,
      0.2996854876914333,
      0.20011104645970113,
      0.2702286220511624,
      0.23282107726528975,
      0.24477380102992244,
      0.28877164707391517,
      0.1803123415633525,
      0.24576499873244728,
      0.24883698548857427,
      0.20854960476484735,
      0.18762618523054994,
      0.21769935224208609,
      0.1856857480780252,
      0.20693360262637434,
      0.16796844005311695,
      0.16568182837436077,
      0.12622814132905605,
      0.1401174096047493,
      0.1321504860754235,
      0.09390758494353517,
      0.1374499504634674,
      0.11598632891328826,
      0.1222434140687696,
      0.0882996389057085,
      0.10603055641659313,
      0.07809889798170108,
      0.10331801171221418,
      0.07124039664708659,
      0.06161000513965452,
      0.04933388428907934,
      0.061401724235168785,
      0.037241167922516354,
      0.050643049615515856,
      0.03212540108557662,
      0.03318869951559962,
      0.03378731742602105,
      0.03228533218462508,
      0.019761689594874433,
      0.028736804728078137,
      0.028462836805226453,
      0.019510001750515725,
      0.023726772374452535,
      0.0185125607091551,
      0.012273243703204723,
      0.009906855007538051,
      0.010393734774930349,
      0.008964694075000272,
      0.006806516884075113,
      0.006338178916471329,
      0.006494452989624737,
      0.005634188510681407,
      0.004069954702109289,
      0.003725250977973076,
      0.002756317693237792,
      0.003025660427849617,
      0.001810097016118345,
      0.0017078948396539422,
      0.0010248682111453115,
      0.0007926871583246332,
      0.0007734557593748352,
      0.0004896321990392479,
      0.00041517108645699265,
      0.00025773925220946354,
      0.0002461204830275508,
      0.00018092266042251065,
      9.75444410699644e-05,
      9.79218036629173e-05,
      9.748372909333557e-05,
      6.295844984096129e-05,
      5.2361214796270535e-05,
      4.2298762421032036e-05
    ],
    "objective_value_std": [
      22.27654894888386,
      6.2368911351039245,
      0.1328909960251351,
      0.10011128487497503,
      0.16593134783143276,
      0.12913483038503293,
      0.2025604548669769,
      0.1406167046796681,
      0.09473382854515103,
      0.05274094557782375,
      0.09699153979779246,
      0.17021083202286127,
      0.08542160426995285,
      0.0937445135176355,
      0.06926842006105416,
      0.12701505741000124,
      0.059099460212070534,
      0.17049782212643969,
      0.13064315677852054,
      0.06831004746457109,
      0.13461993471355355,
      0.12706882264861644,
      0.07159767038414808,
      0.08029432394514713,
      0.11790941895127359,
      0.07765687461930407,
      0.10658953224333818,
      0.03474800514753908,
      0.08942546625440646,
      0.10829542571092948,
      0.08998991360450366,
      0.06347979009509815,
      0.05053424294098516,
      0.07685744953753132,
      0.07898105363353991,
      0.07722491935905922,
      0.057550938063512184,
      0.03898456459692126,
      0.11779446493491147,
      0.0402855820396283,
      0.05410501085913898,
      0.05809354981791618,
      0.051225259888589406,
      0.05350321318746233,
      0.0731751057103696,
      0.04084023062648468,
      0.046691586721250095,
      0.042744892582121545,
      0.058391524306685566,
      0.02835434172918969,
      0.03988459832872151,
      0.031427590430233174,
      0.037831763611355596,
      0.004904259691789918,
      0.05120420007775478,
      0.016949081803962523,
      0.03901489796627835,
      0.01822169343001996,
      0.025310955817930195,
      0.030910952346245288,
      0.020742629522531978,
      0.014221125326935516,
      0.01071385822190956,
      0.017516408050200587,
      0.008654980596961714,
      0.005342786350815003,
      0.009179319514440891,
      0.010490850405625071,
      0.008166923447272727,
      0.0056906018596133215,
      0.005915095093201413,
      0.005292188971201104,
      0.002833170949312868,
      0.002098598526519467,
      0.0023059963767590873,
      0.0023971387675100425,
      0.003369103551146708,
      0.003142545047740173,
      0.0016194062667313903,
      0.0012661769517393995,
      0.0014377121550411855,
      0.0008820868875992854,
      0.00099582518710896,
      0.0011045099364720464,
      0.000502823383820665,
      0.0006276917203143814,
      0.0008078804173740983,
      0.0005905651721602001,
      0.0003288862297953489,
      0.0003015740156672555,
      0.00020807219012717928,
      0.00016780530030842956,
      4.771220682309886e-05,
      5.8396069916939854e-05,
      6.103625293523297e-05,
      2.785889109807149e-06,
      4.318772607658101e-05,
      2.3474711990328077e-05,
      2.2123789077922477e-05,
      2.0864201743911818e-05,
      6.131673000422712e-06
    ]
  }
}