{
  "experiment_name": "sparse_sphere_d128_spsa",
  "num_seeds": 5,
  "config": {
    "name": "sparse_sphere_d128_spsa",
    "benchmark": "sparse_sphere",
    "dimension": 128,
    "budget": 20000,
    "init_range": [
      2.0,
      5.0
    ],
    "optimizer": {
      "name": "spsa",
      "lr": 0.1,
      "lr_decay": 0.01,
      "delta": 0.01
    }
  },
  "aggregated_metrics": {
    "final_objective_mean": 5.418072626171671e+29,
    "final_objective_std": 5.27597985656822e+29
  },
  "aggregated_history": {
    "evaluations": [
      0,
      200,
      400,
      600,
      800,
      1000,
      1200,
      1400,
      1600,
      1800,
      2000,
      2200,
      2400,
      2600,
      2800,
      3000,
      3200,
      3400,
      3600,
      3800,
      4000,
      4200,
      4400,
      4600,
      4800,
      5000,
      5200,
      5400,
      5600,
      5800,
      6000,
      6200,
      6400,
      6600,
      6800,
      7000,
      7200,
      7400,
      7600,
      7800,
      8000,
      8200,
      8400,
      8600,
      8800,
      9000,
      9200,
      9400,
      9600,
      9800,
      10000,
      10200,
      10400,
      10600,
      10800,
      11000,
      11200,
      11400,
      11600,
      11800,
      12000,
      12200,
      12400,
      12600,
      12800,
      13000,
      13200,
      13400,
      13600,
      13800,
      14000,
      14200,
      14400,
      14600,
      14800,
      15000,
      15200,
      15400,
      15600,
      15800,
      16000,
      16200,
      16400,
      16600,
      16800,
      17000,
      17200,
      17400,
      17600,
      17800,
      18000,
      18200,
      18400,
      18600,
      18800,
      19000,
      19200,
      19400,
      19600,
      19800,
      20000
    ],
    "objective_value_mean": [
      148.6311813354492,
      434350.5136368315,
      839951800.8673841,
      1130837857201.8003,
      603684600086977.5,
      8.418972817682214e+17,
      6.923280824957463e+20,
      1.4565640928475734e+24,
      1.10122338220994e+28,
      4.727682954052398e+29,
      5.418072626171671e+29,
      5.418072626171671e+29,
      5.418072626171671e+29,
      5.418072626171671e+29,
      5.418072626171671e+29,
      5.418072626171671e+29,
      5.418072626171671e+29,
      5.418072626171671e+29,
      5.418072626171671e+29,
      5.418072626171671e+29,
      5.418072626171671e+29,
      5.418072626171671e+29,
      5.418072626171671e+29,
      5.418072626171671e+29,
      5.418072626171671e+29,
      5.418072626171671e+29,
      5.418072626171671e+29,
      5.418072626171671e+29,
      5.418072626171671e+29,
      5.418072626171671e+29,
      5.418072626171671e+29,
      5.418072626171671e+29,
      5.418072626171671e+29,
      5.418072626171671e+29,
      5.418072626171671e+29,
      5.418072626171671e+29,
      5.418072626171671e+29,
      5.418072626171671e+29,
      5.418072626171671e+29,
      5.418072626171671e+29,
      5.418072626171671e+29,
      5.418072626171671e+29,
      5.418072626171671e+29,
      5.418072626171671e+29,
      5.418072626171671e+29,
      5.418072626171671e+29,
      5.418072626171671e+29,
      5.418072626171671e+29,
      5.418072626171671e+29,
      5.418072626171671e+29,
      5.418072626171671e+29,
      5.418072626171671e+29,
      5.418072626171671e+29,
      5.418072626171671e+29,
      5.418072626171671e+29,
      5.418072626171671e+29,
      5.418072626171671e+29,
      5.418072626171671e+29,
      5.418072626171671e+29,
      5.418072626171671e+29,
      5.418072626171671e+29,
      5.418072626171671e+29,
      5.418072626171671e+29,
      5.418072626171671e+29,
      5.418072626171671e+29,
      5.418072626171671e+29,
      5.418072626171671e+29,
      5.418072626171671e+29,
      5.418072626171671e+29,
      5.418072626171671e+29,
      5.418072626171671e+29,
      5.418072626171671e+29,
      5.418072626171671e+29,
      5.418072626171671e+29,
      5.418072626171671e+29,
      5.418072626171671e+29,
      5.418072626171671e+29,
      5.418072626171671e+29,
      5.418072626171671e+29,
      5.418072626171671e+29,
      5.418072626171671e+29,
      5.418072626171671e+29,
      5.418072626171671e+29,
      5.418072626171671e+29,
      5.418072626171671e+29,
      5.418072626171671e+29,
      5.418072626171671e+29,
      5.418072626171671e+29,
      5.418072626171671e+29,
      5.418072626171671e+29,
      5.418072626171671e+29,
      5.418072626171671e+29,
      5.418072626171671e+29,
      5.418072626171671e+29,
      5.418072626171671e+29,
      5.418072626171671e+29,
      5.418072626171671e+29,
      5.418072626171671e+29,
      5.418072626171671e+29,
      5.418072626171671e+29,
      5.418072626171671e+29
    ],
    "objective_value_std": [
      22.27654894888386,
      286479.5485364002,
      1058592022.784904,
      1889764226926.4365,
      687465383901686.5,
      1.2290894129437926e+18,
      1.0740802974230362e+21,
      2.578623771416767e+24,
      2.0947759583431307e+28,
      5.581521764622445e+29,
      5.27597985656822e+29,
      5.27597985656822e+29,
      5.27597985656822e+29,
      5.27597985656822e+29,
      5.27597985656822e+29,
      5.27597985656822e+29,
      5.27597985656822e+29,
      5.27597985656822e+29,
      5.27597985656822e+29,
      5.27597985656822e+29,
      5.27597985656822e+29,
      5.27597985656822e+29,
      5.27597985656822e+29,
      5.27597985656822e+29,
      5.27597985656822e+29,
      5.27597985656822e+29,
      5.27597985656822e+29,
      5.27597985656822e+29,
      5.27597985656822e+29,
      5.27597985656822e+29,
      5.27597985656822e+29,
      5.27597985656822e+29,
      5.27597985656822e+29,
      5.27597985656822e+29,
      5.27597985656822e+29,
      5.27597985656822e+29,
      5.27597985656822e+29,
      5.27597985656822e+29,
      5.27597985656822e+29,
      5.27597985656822e+29,
      5.27597985656822e+29,
      5.27597985656822e+29,
      5.27597985656822e+29,
      5.27597985656822e+29,
      5.27597985656822e+29,
      5.27597985656822e+29,
      5.27597985656822e+29,
      5.27597985656822e+29,
      5.27597985656822e+29,
      5.27597985656822e+29,
      5.27597985656822e+29,
      5.27597985656822e+29,
      5.27597985656822e+29,
      5.27597985656822e+29,
      5.27597985656822e+29,
      5.27597985656822e+29,
      5.27597985656822e+29,
      5.27597985656822e+29,
      5.27597985656822e+29,
      5.27597985656822e+29,
      5.27597985656822e+29,
      5.27597985656822e+29,
      5.27597985656822e+29,
      5.27597985656822e+29,
      5.27597985656822e+29,
      5.27597985656822e+29,
      5.27597985656822e+29,
      5.27597985656822e+29,
      5.27597985656822e+29,
      5.27597985656822e+29,
      5.27597985656822e+29,
      5.27597985656822e+29,
      5.27597985656822e+29,
      5.27597985656822e+29,
      5.27597985656822e+29,
      5.27597985656822e+29,
      5.27597985656822e+29,
      5.27597985656822e+29,
      5.27597985656822e+29,
      5.27597985656822e+29,
      5.27597985656822e+29,
      5.27597985656822e+29,
      5.27597985656822e+29,
      5.27597985656822e+29,
      5.27597985656822e+29,
      5.27597985656822e+29,
      5.27597985656822e+29,
      5.27597985656822e+29,
      5.27597985656822e+29,
      5.27597985656822e+29,
      5.27597985656822e+29,
      5.27597985656822e+29,
      5.27597985656822e+29,
      5.27597985656822e+29,
      5.27597985656822e+29,
      5.27597985656822e+29,
      5.27597985656822e+29,
      5.27597985656822e+29,
      5.27597985656822e+29,
      5.27597985656822e+29,
      5.27597985656822e+29
    ]
  }
}