{
  "experiment_name": "sparse_sphere_d128_dge",
  "num_seeds": 5,
  "config": {
    "name": "sparse_sphere_d128_dge",
    "benchmark": "sparse_sphere",
    "dimension": 128,
    "budget": 20000,
    "init_range": [
      2.0,
      5.0
    ],
    "optimizer": {
      "name": "dge",
      "lr": 1.0,
      "lr_decay": 0.01,
      "delta": 0.01,
      "greedy_w": 0.0
    }
  },
  "aggregated_metrics": {
    "final_objective_mean": 3.2075430343881386e-21,
    "final_objective_std": 3.7911955995986013e-22
  },
  "aggregated_history": {
    "evaluations": [
      0,
      210,
      406,
      602,
      812,
      1008,
      1204,
      1400,
      1610,
      1806,
      2002,
      2212,
      2408,
      2604,
      2800,
      3010,
      3206,
      3402,
      3612,
      3808,
      4004,
      4200,
      4410,
      4606,
      4802,
      5012,
      5208,
      5404,
      5600,
      5810,
      6006,
      6202,
      6412,
      6608,
      6804,
      7000,
      7210,
      7406,
      7602,
      7812,
      8008,
      8204,
      8400,
      8610,
      8806,
      9002,
      9212,
      9408,
      9604,
      9800,
      10010,
      10206,
      10402,
      10612,
      10808,
      11004,
      11200,
      11410,
      11606,
      11802,
      12012,
      12208,
      12404,
      12600,
      12810,
      13006,
      13202,
      13412,
      13608,
      13804,
      14000,
      14210,
      14406,
      14602,
      14812,
      15008,
      15204,
      15400,
      15610,
      15806,
      16002,
      16212,
      16408,
      16604,
      16800,
      17010,
      17206,
      17402,
      17612,
      17808,
      18004,
      18200,
      18410,
      18606,
      18802,
      19012,
      19208,
      19404,
      19600,
      19810,
      20006
    ],
    "objective_value_mean": [
      148.6311813354492,
      43.40188903808594,
      4.399648380279541,
      3.079504203796387,
      0.7011053383350372,
      0.1573490545153618,
      0.057412101328372954,
      0.023882537521421908,
      0.005142369586974382,
      0.0019242436857894063,
      0.0012321604182943702,
      0.0002694586612051353,
      9.708909419714473e-05,
      3.400165260245558e-05,
      1.273570028388349e-05,
      7.354655269864452e-06,
      1.9206864749321538e-06,
      6.630925128092713e-07,
      1.0991851766561922e-07,
      7.083651762940235e-08,
      3.077652328542513e-08,
      1.2253218661939513e-08,
      2.968885570719948e-09,
      1.24533229284296e-09,
      6.705375796278723e-10,
      1.6107133179316112e-10,
      6.521039576379283e-11,
      3.6220887400517654e-11,
      1.785778716741071e-11,
      7.327131176099177e-12,
      3.2890484715115963e-12,
      1.2475184012444678e-12,
      4.178362503540721e-13,
      2.2246522522360522e-13,
      5.493476953579357e-14,
      2.873326705841469e-14,
      1.1444916705650754e-14,
      1.5068108671387967e-14,
      8.749938010399985e-15,
      3.817097531319993e-15,
      2.790839581270179e-15,
      1.3100799040795295e-15,
      2.925393726909862e-16,
      1.693924934763813e-16,
      9.543542436853407e-17,
      2.4064137933850745e-17,
      9.009886893099154e-18,
      6.845086139787218e-18,
      2.6915309367676814e-18,
      5.826823680542689e-19,
      3.6480275430843585e-19,
      2.367094601521712e-19,
      2.0240793192588285e-19,
      1.794696500229951e-19,
      1.7945152184288312e-19,
      1.780142541695416e-19,
      1.8262591016161662e-19,
      1.6481762147202375e-19,
      1.6704502757611239e-19,
      1.6788794529981923e-19,
      6.928921311044713e-20,
      7.433817235051507e-20,
      4.608041083551185e-20,
      4.7030540213893517e-20,
      4.501210255075564e-20,
      4.3104508382169567e-20,
      4.652339965774638e-20,
      4.7425723812836166e-20,
      4.764355859597774e-20,
      4.769325987232996e-20,
      4.770422841649938e-20,
      4.770669574117026e-20,
      4.77071655539088e-20,
      4.770726507407625e-20,
      4.7707287692296123e-20,
      1.7553325775409893e-20,
      1.1739408160987517e-20,
      1.1352521086653547e-20,
      1.0504312476641913e-20,
      1.0389728574757712e-20,
      1.0367082405225799e-20,
      1.0362224011596757e-20,
      1.0361333338409842e-20,
      1.0361146091861023e-20,
      1.0361107640887237e-20,
      1.0361099078275428e-20,
      7.888221230518627e-21,
      3.827527828193704e-21,
      3.2880217303171527e-21,
      3.228173112735667e-21,
      3.2145967685940703e-21,
      3.2088713297399465e-21,
      3.2077753962076707e-21,
      3.2075886343349925e-21,
      3.2075516777793047e-21,
      3.207544488416559e-21,
      3.207543115167495e-21,
      3.2075430343881386e-21,
      3.2075430343881386e-21,
      3.2075430343881386e-21,
      3.2075430343881386e-21
    ],
    "objective_value_std": [
      22.27654894888386,
      16.678510188304596,
      1.099189510913008,
      0.8200662652432967,
      0.3664333991060997,
      0.05120946538391769,
      0.023011472804441532,
      0.008612191740445946,
      0.003018451639647577,
      0.0015441768086266363,
      0.0012618405490823503,
      0.0002087286535175868,
      8.529306638040567e-05,
      3.7068788652534146e-05,
      1.1631522768867741e-05,
      7.570492281758417e-06,
      2.0654495391758123e-06,
      5.947019198084699e-07,
      6.278227057005544e-08,
      6.738225398407999e-08,
      3.2577413357926316e-08,
      1.139525816034072e-08,
      2.393602138210686e-09,
      9.420408591534217e-10,
      5.741900075457542e-10,
      1.1775418423191846e-10,
      4.141897866690873e-11,
      3.760964801186847e-11,
      2.0251742656004337e-11,
      8.53365646559177e-12,
      4.732528030538299e-12,
      1.956198959321697e-12,
      6.104095778491395e-13,
      3.7580833907311465e-13,
      5.997046960902522e-14,
      2.86479473829677e-14,
      1.4002348632719956e-14,
      2.655396034811246e-14,
      1.6451918898712993e-14,
      7.341347466687624e-15,
      5.376172179450028e-15,
      2.5521545272400512e-15,
      5.493100564600824e-16,
      3.282140232430955e-16,
      1.878090099349631e-16,
      4.6472861331861664e-17,
      1.6977838618515054e-17,
      1.2906064712080363e-17,
      4.740527250923077e-18,
      6.590493350803782e-19,
      2.1320653938832892e-19,
      5.362600167197873e-20,
      6.466267799374512e-20,
      3.4713072967733496e-20,
      2.8103406188638685e-20,
      3.215930127806559e-20,
      1.821883396099181e-20,
      1.711537782891516e-20,
      1.5680968737309863e-20,
      1.529019543152868e-20,
      2.6293911068561297e-20,
      1.7606735968076584e-20,
      7.349771504680995e-21,
      6.1451838171447545e-21,
      7.016035605678155e-21,
      9.015926224162303e-21,
      1.0094108840002392e-20,
      1.0988452025093227e-20,
      1.1233062529266735e-20,
      1.1290275643509495e-20,
      1.1302971749845285e-20,
      1.1305829979901244e-20,
      1.1306374444399914e-20,
      1.1306493909718926e-20,
      1.1306519744391764e-20,
      3.734996263967319e-21,
      2.400972245190305e-21,
      2.8347378040949587e-21,
      2.859543257658818e-21,
      2.876464278360892e-21,
      2.8802124045486384e-21,
      2.8810342130711432e-21,
      2.881185278648055e-21,
      2.8812180877836106e-21,
      2.881225419838214e-21,
      2.881225568626323e-21,
      1.9735179020781694e-21,
      3.878058284725848e-22,
      3.923460975650535e-22,
      3.8930326527618965e-22,
      3.84633161594924e-22,
      3.801224318970481e-22,
      3.7929395322571413e-22,
      3.7915402550091533e-22,
      3.791264159511479e-22,
      3.7912076279703226e-22,
      3.7911969360381926e-22,
      3.7911955995986013e-22,
      3.7911955995986013e-22,
      3.7911955995986013e-22,
      3.7911955995986013e-22
    ]
  }
}