{
  "experiment_name": "sphere_d128_dge",
  "num_seeds": 5,
  "config": {
    "name": "sphere_d128_dge",
    "benchmark": "sphere",
    "dimension": 128,
    "budget": 20000,
    "init_range": [
      2.0,
      5.0
    ],
    "optimizer": {
      "name": "dge",
      "lr": 1.0,
      "lr_decay": 0.01,
      "delta": 0.01,
      "greedy_w": 0.0
    }
  },
  "aggregated_metrics": {
    "final_objective_mean": 6.4015047169380114e-12,
    "final_objective_std": 3.4162232985444837e-12
  },
  "aggregated_history": {
    "evaluations": [
      0,
      210,
      406,
      602,
      812,
      1008,
      1204,
      1400,
      1610,
      1806,
      2002,
      2212,
      2408,
      2604,
      2800,
      3010,
      3206,
      3402,
      3612,
      3808,
      4004,
      4200,
      4410,
      4606,
      4802,
      5012,
      5208,
      5404,
      5600,
      5810,
      6006,
      6202,
      6412,
      6608,
      6804,
      7000,
      7210,
      7406,
      7602,
      7812,
      8008,
      8204,
      8400,
      8610,
      8806,
      9002,
      9212,
      9408,
      9604,
      9800,
      10010,
      10206,
      10402,
      10612,
      10808,
      11004,
      11200,
      11410,
      11606,
      11802,
      12012,
      12208,
      12404,
      12600,
      12810,
      13006,
      13202,
      13412,
      13608,
      13804,
      14000,
      14210,
      14406,
      14602,
      14812,
      15008,
      15204,
      15400,
      15610,
      15806,
      16002,
      16212,
      16408,
      16604,
      16800,
      17010,
      17206,
      17402,
      17612,
      17808,
      18004,
      18200,
      18410,
      18606,
      18802,
      19012,
      19208,
      19404,
      19600,
      19810,
      20006
    ],
    "objective_value_mean": [
      1690.5292236328125,
      1247.9448486328124,
      792.7340209960937,
      449.28089599609376,
      237.4392120361328,
      141.6922180175781,
      83.99042358398438,
      49.44665298461914,
      27.54378433227539,
      17.443892097473146,
      10.963849067687988,
      7.39893798828125,
      5.065787887573242,
      3.554270553588867,
      2.5646442651748655,
      1.6915742754936218,
      1.2720930576324463,
      0.8853142857551575,
      0.6378221392631531,
      0.493279892206192,
      0.35157373547554016,
      0.25360809862613676,
      0.20350944697856904,
      0.15748009085655212,
      0.134378145635128,
      0.09840600788593293,
      0.07857448011636733,
      0.06352366246283055,
      0.049896203354001044,
      0.04118568077683449,
      0.031466114707291125,
      0.02293281480669975,
      0.01940027195960283,
      0.014277555886656046,
      0.012000383250415326,
      0.009198259050026535,
      0.007269612886011601,
      0.005165777821093798,
      0.004697318095713854,
      0.0037108788499608638,
      0.0030676004476845264,
      0.002120096771977842,
      0.0018402092508040368,
      0.0013000320584978908,
      0.0009526760200969875,
      0.0008050547970924526,
      0.0005857718439074233,
      0.00041956692875828595,
      0.0003357864115969278,
      0.00024272596347145735,
      0.00016899811598705127,
      0.00011445061973063275,
      8.79257084307028e-05,
      6.397453398676589e-05,
      4.4689807327813466e-05,
      3.206569999747444e-05,
      2.2963573064771482e-05,
      1.6302338190143927e-05,
      1.0288163730365341e-05,
      7.3195871664211156e-06,
      4.875829711181723e-06,
      3.1230806598614436e-06,
      2.125038656686229e-06,
      1.331816548599818e-06,
      7.741687994666791e-07,
      4.867186447654603e-07,
      2.746125744579331e-07,
      1.6747044497833486e-07,
      1.075265601002684e-07,
      6.668871534998289e-08,
      4.196391376609654e-08,
      2.327732540052807e-08,
      1.4147311944157081e-08,
      9.099843234494643e-09,
      5.4568905394347665e-09,
      3.330373732346459e-09,
      2.063984938516228e-09,
      1.2364150148158615e-09,
      7.402097990105716e-10,
      4.720120100332181e-10,
      3.150461225231993e-10,
      2.0864195648950812e-10,
      1.4723537805627628e-10,
      1.0359585550512306e-10,
      7.560976150733367e-11,
      5.523509843952112e-11,
      4.10361383762492e-11,
      3.0527485053721826e-11,
      2.3269150148386154e-11,
      1.9152037334518867e-11,
      1.6165989467215035e-11,
      1.3806440799651876e-11,
      1.19638390774085e-11,
      1.0834321027136661e-11,
      9.845249051773641e-12,
      8.950486098807664e-12,
      8.236628740165841e-12,
      7.685369875221059e-12,
      7.218117596685669e-12,
      6.786736363867396e-12,
      6.4015047169380114e-12
    ],
    "objective_value_std": [
      35.26582350225869,
      15.150191348940059,
      29.853980024040624,
      47.579013525466266,
      17.92010074343894,
      12.538491479649768,
      9.217295763019294,
      6.748970370331127,
      5.495844657169882,
      3.2110534699013527,
      2.2558511607195335,
      1.909126860183191,
      1.3987592632898964,
      1.0753371823628983,
      0.8212161431576802,
      0.621880813539975,
      0.49222942341578085,
      0.32276927097443653,
      0.2288141858898552,
      0.17756664028012206,
      0.11793470951911225,
      0.09088170059758643,
      0.07491223009137143,
      0.06593741608817977,
      0.05404584273841867,
      0.042376303309320795,
      0.03320922428506551,
      0.03599478390967226,
      0.04043874473969209,
      0.03096006446024309,
      0.02061487459410727,
      0.013868120821938189,
      0.011902880496247846,
      0.009360886132389142,
      0.008590353874521315,
      0.006564177733178149,
      0.005491436830931042,
      0.0037461454124508966,
      0.003811848629441692,
      0.0030025158441486137,
      0.00264809546037847,
      0.0017477585155300953,
      0.0016011010029584117,
      0.0010789210671904898,
      0.0007382641348645441,
      0.0006607959680482244,
      0.0004983462236534571,
      0.00035397579653651657,
      0.00029135917561522477,
      0.00020927616278513457,
      0.00014700001844940907,
      9.56536802343885e-05,
      7.225082973067636e-05,
      5.774478624310605e-05,
      3.683837474041285e-05,
      2.6506283590596186e-05,
      1.8854095304517597e-05,
      1.3952075439575476e-05,
      9.373729954842358e-06,
      7.093610660236663e-06,
      4.956523758480292e-06,
      3.10519369914344e-06,
      2.2446122407092944e-06,
      1.3138308818568021e-06,
      6.852549010149234e-07,
      3.9933189850644345e-07,
      2.1585813160734642e-07,
      1.349814500710621e-07,
      8.658946111842994e-08,
      5.3084046489846627e-08,
      3.30915605831252e-08,
      1.7684485813731106e-08,
      1.054710165781359e-08,
      7.2249637384448164e-09,
      4.083514479937858e-09,
      2.3464120425408386e-09,
      1.4118829920132403e-09,
      7.646881631071207e-10,
      4.157471021758072e-10,
      2.4347770044064765e-10,
      1.6401940369330085e-10,
      1.1021459798181656e-10,
      7.994618680292773e-11,
      5.861233179761219e-11,
      4.3048006382632854e-11,
      3.1473168977008175e-11,
      2.3184004881082017e-11,
      1.6941417100432537e-11,
      1.2799274920626783e-11,
      1.0322632178701463e-11,
      8.680155526265324e-12,
      7.346876636565024e-12,
      6.434300098537361e-12,
      5.88894058741734e-12,
      5.341235479592528e-12,
      4.830822021962182e-12,
      4.421745872502075e-12,
      4.1605174543300674e-12,
      3.8992526502167955e-12,
      3.638027882486451e-12,
      3.4162232985444837e-12
    ]
  }
}