{
  "experiment_name": "sphere_d128_random",
  "num_seeds": 5,
  "config": {
    "name": "sphere_d128_random",
    "benchmark": "sphere",
    "dimension": 128,
    "budget": 20000,
    "init_range": [
      2.0,
      5.0
    ],
    "optimizer": {
      "name": "random",
      "lr": 1.0,
      "lr_decay": 0.01
    }
  },
  "aggregated_metrics": {
    "final_objective_mean": 0.0055301297357909715,
    "final_objective_std": 0.00039149105879057256
  },
  "aggregated_history": {
    "evaluations": [
      0,
      200,
      400,
      600,
      800,
      1000,
      1200,
      1400,
      1600,
      1800,
      2000,
      2200,
      2400,
      2600,
      2800,
      3000,
      3200,
      3400,
      3600,
      3800,
      4000,
      4200,
      4400,
      4600,
      4800,
      5000,
      5200,
      5400,
      5600,
      5800,
      6000,
      6200,
      6400,
      6600,
      6800,
      7000,
      7200,
      7400,
      7600,
      7800,
      8000,
      8200,
      8400,
      8600,
      8800,
      9000,
      9200,
      9400,
      9600,
      9800,
      10000,
      10200,
      10400,
      10600,
      10800,
      11000,
      11200,
      11400,
      11600,
      11800,
      12000,
      12200,
      12400,
      12600,
      12800,
      13000,
      13200,
      13400,
      13600,
      13800,
      14000,
      14200,
      14400,
      14600,
      14800,
      15000,
      15200,
      15400,
      15600,
      15800,
      16000,
      16200,
      16400,
      16600,
      16800,
      17000,
      17200,
      17400,
      17600,
      17800,
      18000,
      18200,
      18400,
      18600,
      18800,
      19000,
      19200,
      19400,
      19600,
      19800,
      20000
    ],
    "objective_value_mean": [
      1690.5292236328125,
      1255.608451162247,
      909.8490904829785,
      605.6163007422559,
      392.64709416479616,
      254.7022203560764,
      151.91614938485324,
      98.33554029095613,
      71.00484581389038,
      56.19538042322692,
      48.5006062258056,
      51.218674105667105,
      45.95858684364008,
      43.924164632926,
      45.815799002606035,
      45.12880256076461,
      48.091819208414435,
      43.17197242701971,
      42.348275665874596,
      44.47412700245012,
      44.12583208342355,
      40.939072018473645,
      38.62564995491847,
      38.09796058247947,
      39.35911796767226,
      38.67095557636138,
      36.36331637529796,
      34.99074177156798,
      36.18595823612431,
      34.78668892348168,
      33.768821569272575,
      32.49329313167884,
      29.844004000196485,
      27.692362494386494,
      28.442829460188058,
      26.594373963874155,
      26.549138209069547,
      25.03450664887234,
      25.03025802578832,
      24.278140470103914,
      23.296546828039528,
      22.91955241572609,
      21.191600378366765,
      21.342190302857677,
      19.990467731823934,
      17.94694058536882,
      15.659694371761276,
      15.70147934931722,
      15.080293471223774,
      14.557729069042214,
      13.919306342694654,
      13.500609036994017,
      11.493947108002057,
      11.448490783384447,
      10.57940203918242,
      9.074326234109865,
      8.9863087070294,
      8.075993403344139,
      7.802307293153869,
      7.228287919982655,
      6.652638923094736,
      6.026504410848796,
      5.329344012580846,
      5.399324495413997,
      4.390759310738576,
      4.310801174922761,
      3.8319813537216705,
      3.8276911294885267,
      2.98759186486826,
      2.803196052122134,
      2.595217321996816,
      2.2254619345754123,
      2.029334426081692,
      1.7920937297985808,
      1.5439206709870503,
      1.3171405109675045,
      1.1797862408595914,
      1.0138990018234384,
      0.8230187739148921,
      0.7558851449903343,
      0.6018890897200178,
      0.5918411759419476,
      0.498996606758189,
      0.4355896591739878,
      0.3040197510566478,
      0.2684353110349501,
      0.21725485118739804,
      0.16869903751893012,
      0.12935241549074242,
      0.09470953129305044,
      0.07809978504490886,
      0.060173921591402155,
      0.04439442872111875,
      0.034928126638422444,
      0.025150001852250865,
      0.01956711514278577,
      0.014347113446211396,
      0.010466371795883288,
      0.008108381393096525,
      0.006380111448359337,
      0.0055301297357909715
    ],
    "objective_value_std": [
      35.26582350225869,
      37.493968797345204,
      38.217509564036696,
      31.81134659859601,
      29.086314025237346,
      16.925052549475694,
      10.488934596088882,
      5.486637675629234,
      6.7193250973356955,
      6.878716899981307,
      6.580752412673772,
      1.9719064729262525,
      4.58798262350418,
      3.794700207881828,
      4.919519108441405,
      7.37932349499716,
      3.637681841516588,
      2.715335966160111,
      4.753882021380908,
      1.4854587870272922,
      3.2850515325101304,
      5.420826344905663,
      4.577445103444051,
      2.4488687826310076,
      1.4682796382308796,
      3.6127299475244885,
      3.480222636355087,
      0.6296502430074334,
      2.1196080184901973,
      3.0618942217077527,
      3.4571136599131473,
      2.2008961848655706,
      2.464148365425445,
      3.1455139481299703,
      3.393960810578493,
      3.1259155462968886,
      3.629426748678344,
      2.9788365938273813,
      3.1435004661145616,
      0.9347205233329923,
      2.138090164141777,
      2.18640498426218,
      2.619710737610639,
      0.7116277293029737,
      1.7832629792219523,
      1.991453518884079,
      1.323336899186124,
      0.9023145471741286,
      1.5549684456480912,
      0.6623249692181332,
      1.1043148605391702,
      0.9436243510364654,
      1.3014051696514828,
      0.6108832135832892,
      0.9624787978812286,
      0.6243456571567347,
      0.6546428033208506,
      0.7877198149810335,
      0.5455511154457355,
      0.5370343901132314,
      0.8758711617161407,
      1.278425528375685,
      0.4394387085791892,
      0.598279492555233,
      0.29899872309157,
      0.6295027453492814,
      0.41421820097898937,
      0.4057851104003633,
      0.3981775620557165,
      0.2954582734070047,
      0.08438216014072597,
      0.2842830981368195,
      0.16504309223895008,
      0.2880138976332699,
      0.17642818077551545,
      0.1794340856236019,
      0.08576500689805658,
      0.09924297071601121,
      0.07430121765472267,
      0.048496018580783444,
      0.09867053458638819,
      0.09437582174828003,
      0.037903958679277205,
      0.056286319059140194,
      0.03731630151209794,
      0.02744178466607852,
      0.025770178237378275,
      0.017498737155259382,
      0.019350217717999798,
      0.014544617681472916,
      0.004714697879881427,
      0.00431139526563594,
      0.0038694976826854194,
      0.004581583001744661,
      0.002499122137513258,
      0.002301142993369727,
      0.0008308711366524429,
      0.0008943612530870863,
      0.0007794379974694017,
      0.000622705306928829,
      0.00039149105879057256
    ]
  }
}