{
  "experiment_name": "sphere_d8192_spsa",
  "num_seeds": 3,
  "config": {
    "name": "sphere_d8192_spsa",
    "benchmark": "sphere",
    "dimension": 8192,
    "budget": 20000,
    "init_range": [
      2.0,
      5.0
    ],
    "optimizer": {
      "name": "spsa",
      "lr": 1.0,
      "lr_decay": 0.01,
      "delta": 0.01
    }
  },
  "aggregated_metrics": {
    "final_objective_mean": 2.1977415708827786e+36,
    "final_objective_std": 3.0355220324178774e+36
  },
  "aggregated_history": {
    "evaluations": [
      0,
      200,
      400,
      600,
      800,
      1000,
      1200,
      1400,
      1600,
      1800,
      2000,
      2200,
      2400,
      2600,
      2800,
      3000,
      3200,
      3400,
      3600,
      3800,
      4000,
      4200,
      4400,
      4600,
      4800,
      5000,
      5200,
      5400,
      5600,
      5800,
      6000,
      6200,
      6400,
      6600,
      6800,
      7000,
      7200,
      7400,
      7600,
      7800,
      8000,
      8200,
      8400,
      8600,
      8800,
      9000,
      9200,
      9400,
      9600,
      9800,
      10000,
      10200,
      10400,
      10600,
      10800,
      11000,
      11200,
      11400,
      11600,
      11800,
      12000,
      12200,
      12400,
      12600,
      12800,
      13000,
      13200,
      13400,
      13600,
      13800,
      14000,
      14200,
      14400,
      14600,
      14800,
      15000,
      15200,
      15400,
      15600,
      15800,
      16000,
      16200,
      16400,
      16600,
      16800,
      17000,
      17200,
      17400,
      17600,
      17800,
      18000,
      18200,
      18400,
      18600,
      18800,
      19000,
      19200,
      19400,
      19600,
      19800,
      20000
    ],
    "objective_value_mean": [
      106631.79427083333,
      2.1977415708827786e+36,
      2.1977415708827786e+36,
      2.1977415708827786e+36,
      2.1977415708827786e+36,
      2.1977415708827786e+36,
      2.1977415708827786e+36,
      2.1977415708827786e+36,
      2.1977415708827786e+36,
      2.1977415708827786e+36,
      2.1977415708827786e+36,
      2.1977415708827786e+36,
      2.1977415708827786e+36,
      2.1977415708827786e+36,
      2.1977415708827786e+36,
      2.1977415708827786e+36,
      2.1977415708827786e+36,
      2.1977415708827786e+36,
      2.1977415708827786e+36,
      2.1977415708827786e+36,
      2.1977415708827786e+36,
      2.1977415708827786e+36,
      2.1977415708827786e+36,
      2.1977415708827786e+36,
      2.1977415708827786e+36,
      2.1977415708827786e+36,
      2.1977415708827786e+36,
      2.1977415708827786e+36,
      2.1977415708827786e+36,
      2.1977415708827786e+36,
      2.1977415708827786e+36,
      2.1977415708827786e+36,
      2.1977415708827786e+36,
      2.1977415708827786e+36,
      2.1977415708827786e+36,
      2.1977415708827786e+36,
      2.1977415708827786e+36,
      2.1977415708827786e+36,
      2.1977415708827786e+36,
      2.1977415708827786e+36,
      2.1977415708827786e+36,
      2.1977415708827786e+36,
      2.1977415708827786e+36,
      2.1977415708827786e+36,
      2.1977415708827786e+36,
      2.1977415708827786e+36,
      2.1977415708827786e+36,
      2.1977415708827786e+36,
      2.1977415708827786e+36,
      2.1977415708827786e+36,
      2.1977415708827786e+36,
      2.1977415708827786e+36,
      2.1977415708827786e+36,
      2.1977415708827786e+36,
      2.1977415708827786e+36,
      2.1977415708827786e+36,
      2.1977415708827786e+36,
      2.1977415708827786e+36,
      2.1977415708827786e+36,
      2.1977415708827786e+36,
      2.1977415708827786e+36,
      2.1977415708827786e+36,
      2.1977415708827786e+36,
      2.1977415708827786e+36,
      2.1977415708827786e+36,
      2.1977415708827786e+36,
      2.1977415708827786e+36,
      2.1977415708827786e+36,
      2.1977415708827786e+36,
      2.1977415708827786e+36,
      2.1977415708827786e+36,
      2.1977415708827786e+36,
      2.1977415708827786e+36,
      2.1977415708827786e+36,
      2.1977415708827786e+36,
      2.1977415708827786e+36,
      2.1977415708827786e+36,
      2.1977415708827786e+36,
      2.1977415708827786e+36,
      2.1977415708827786e+36,
      2.1977415708827786e+36,
      2.1977415708827786e+36,
      2.1977415708827786e+36,
      2.1977415708827786e+36,
      2.1977415708827786e+36,
      2.1977415708827786e+36,
      2.1977415708827786e+36,
      2.1977415708827786e+36,
      2.1977415708827786e+36,
      2.1977415708827786e+36,
      2.1977415708827786e+36,
      2.1977415708827786e+36,
      2.1977415708827786e+36,
      2.1977415708827786e+36,
      2.1977415708827786e+36,
      2.1977415708827786e+36,
      2.1977415708827786e+36,
      2.1977415708827786e+36,
      2.1977415708827786e+36,
      2.1977415708827786e+36,
      2.1977415708827786e+36
    ],
    "objective_value_std": [
      402.89203592025046,
      3.0355220324178774e+36,
      3.0355220324178774e+36,
      3.0355220324178774e+36,
      3.0355220324178774e+36,
      3.0355220324178774e+36,
      3.0355220324178774e+36,
      3.0355220324178774e+36,
      3.0355220324178774e+36,
      3.0355220324178774e+36,
      3.0355220324178774e+36,
      3.0355220324178774e+36,
      3.0355220324178774e+36,
      3.0355220324178774e+36,
      3.0355220324178774e+36,
      3.0355220324178774e+36,
      3.0355220324178774e+36,
      3.0355220324178774e+36,
      3.0355220324178774e+36,
      3.0355220324178774e+36,
      3.0355220324178774e+36,
      3.0355220324178774e+36,
      3.0355220324178774e+36,
      3.0355220324178774e+36,
      3.0355220324178774e+36,
      3.0355220324178774e+36,
      3.0355220324178774e+36,
      3.0355220324178774e+36,
      3.0355220324178774e+36,
      3.0355220324178774e+36,
      3.0355220324178774e+36,
      3.0355220324178774e+36,
      3.0355220324178774e+36,
      3.0355220324178774e+36,
      3.0355220324178774e+36,
      3.0355220324178774e+36,
      3.0355220324178774e+36,
      3.0355220324178774e+36,
      3.0355220324178774e+36,
      3.0355220324178774e+36,
      3.0355220324178774e+36,
      3.0355220324178774e+36,
      3.0355220324178774e+36,
      3.0355220324178774e+36,
      3.0355220324178774e+36,
      3.0355220324178774e+36,
      3.0355220324178774e+36,
      3.0355220324178774e+36,
      3.0355220324178774e+36,
      3.0355220324178774e+36,
      3.0355220324178774e+36,
      3.0355220324178774e+36,
      3.0355220324178774e+36,
      3.0355220324178774e+36,
      3.0355220324178774e+36,
      3.0355220324178774e+36,
      3.0355220324178774e+36,
      3.0355220324178774e+36,
      3.0355220324178774e+36,
      3.0355220324178774e+36,
      3.0355220324178774e+36,
      3.0355220324178774e+36,
      3.0355220324178774e+36,
      3.0355220324178774e+36,
      3.0355220324178774e+36,
      3.0355220324178774e+36,
      3.0355220324178774e+36,
      3.0355220324178774e+36,
      3.0355220324178774e+36,
      3.0355220324178774e+36,
      3.0355220324178774e+36,
      3.0355220324178774e+36,
      3.0355220324178774e+36,
      3.0355220324178774e+36,
      3.0355220324178774e+36,
      3.0355220324178774e+36,
      3.0355220324178774e+36,
      3.0355220324178774e+36,
      3.0355220324178774e+36,
      3.0355220324178774e+36,
      3.0355220324178774e+36,
      3.0355220324178774e+36,
      3.0355220324178774e+36,
      3.0355220324178774e+36,
      3.0355220324178774e+36,
      3.0355220324178774e+36,
      3.0355220324178774e+36,
      3.0355220324178774e+36,
      3.0355220324178774e+36,
      3.0355220324178774e+36,
      3.0355220324178774e+36,
      3.0355220324178774e+36,
      3.0355220324178774e+36,
      3.0355220324178774e+36,
      3.0355220324178774e+36,
      3.0355220324178774e+36,
      3.0355220324178774e+36,
      3.0355220324178774e+36,
      3.0355220324178774e+36,
      3.0355220324178774e+36,
      3.0355220324178774e+36
    ]
  }
}