{
  "experiment_name": "sphere_d8192_random",
  "num_seeds": 3,
  "config": {
    "name": "sphere_d8192_random",
    "benchmark": "sphere",
    "dimension": 8192,
    "budget": 20000,
    "init_range": [
      2.0,
      5.0
    ],
    "optimizer": {
      "name": "random",
      "lr": 1.0,
      "lr_decay": 0.01
    }
  },
  "aggregated_metrics": {
    "final_objective_mean": 83022.46207228124,
    "final_objective_std": 287.5840233916767
  },
  "aggregated_history": {
    "evaluations": [
      0,
      200,
      400,
      600,
      800,
      1000,
      1200,
      1400,
      1600,
      1800,
      2000,
      2200,
      2400,
      2600,
      2800,
      3000,
      3200,
      3400,
      3600,
      3800,
      4000,
      4200,
      4400,
      4600,
      4800,
      5000,
      5200,
      5400,
      5600,
      5800,
      6000,
      6200,
      6400,
      6600,
      6800,
      7000,
      7200,
      7400,
      7600,
      7800,
      8000,
      8200,
      8400,
      8600,
      8800,
      9000,
      9200,
      9400,
      9600,
      9800,
      10000,
      10200,
      10400,
      10600,
      10800,
      11000,
      11200,
      11400,
      11600,
      11800,
      12000,
      12200,
      12400,
      12600,
      12800,
      13000,
      13200,
      13400,
      13600,
      13800,
      14000,
      14200,
      14400,
      14600,
      14800,
      15000,
      15200,
      15400,
      15600,
      15800,
      16000,
      16200,
      16400,
      16600,
      16800,
      17000,
      17200,
      17400,
      17600,
      17800,
      18000,
      18200,
      18400,
      18600,
      18800,
      19000,
      19200,
      19400,
      19600,
      19800,
      20000
    ],
    "objective_value_mean": [
      106631.79427083333,
      106160.63358908951,
      105688.13235110209,
      105221.86930482455,
      104762.18175182142,
      104272.90447432145,
      103823.24462613347,
      103355.65109401838,
      102889.11485961896,
      102446.20737694933,
      102004.1883256288,
      101522.09266268184,
      101119.56106530277,
      100679.2940423647,
      100243.92342885201,
      99788.14438505056,
      99294.34437778022,
      98842.3204921407,
      98448.8680214268,
      98010.42383623215,
      97593.82562619554,
      97215.06210556258,
      96791.84052698869,
      96400.43660096156,
      95993.64828036253,
      95592.43053671259,
      95217.36844606746,
      94834.0268711117,
      94479.58315701912,
      94104.44933264195,
      93750.30874163861,
      93410.58411303356,
      93057.72662482907,
      92721.74428165745,
      92367.17211195217,
      91983.44982096482,
      91630.02977428232,
      91308.3037830742,
      91003.88083157215,
      90693.04184206121,
      90390.8958395116,
      90081.98674793883,
      89803.78552422849,
      89495.03392971761,
      89211.3607958627,
      88929.05328228748,
      88647.68058461907,
      88403.67368115239,
      88148.56385138129,
      87912.76891788887,
      87657.09516453564,
      87412.04550268984,
      87200.49872536155,
      86969.91629755184,
      86748.08475456173,
      86533.79766850639,
      86332.75555353683,
      86140.00701294592,
      85940.54919322823,
      85752.75651558962,
      85584.74202591306,
      85424.48595226013,
      85278.96104790729,
      85107.44990312208,
      84967.44966035543,
      84829.93311722773,
      84698.40279979847,
      84568.22449126402,
      84442.3712670802,
      84321.23798346921,
      84213.86801688123,
      84106.16373894694,
      84010.76533678021,
      83925.11066654876,
      83840.0233768311,
      83760.97670674682,
      83686.82058037179,
      83618.27028337463,
      83551.90708062095,
      83492.95871456774,
      83440.26953662957,
      83389.08273091675,
      83346.85524839019,
      83304.93275684798,
      83269.66722084723,
      83234.69542771971,
      83205.84944471913,
      83179.1157007071,
      83156.02333451067,
      83135.62276619479,
      83116.7774101341,
      83100.26422098586,
      83085.59254659468,
      83073.04808037785,
      83062.33757139674,
      83053.22221825994,
      83045.81522514294,
      83038.90647568203,
      83032.58828710507,
      83027.54508968254,
      83022.46207228124
    ],
    "objective_value_std": [
      402.89203592025046,
      399.9273583577298,
      332.71506993186756,
      322.621936118847,
      351.8406954553115,
      365.9425327715142,
      347.1998392916607,
      370.06479396146693,
      356.98942157092375,
      384.23324963574464,
      398.70192062912304,
      394.7136114025338,
      373.7752405588127,
      373.78483410437644,
      371.51065692712524,
      380.51483536398956,
      378.1185503598931,
      340.71349426059123,
      327.34798357476734,
      343.2458809787147,
      299.1476015027607,
      280.09420381844353,
      302.12647202486977,
      305.5176559556767,
      331.12603492988944,
      336.93538666883165,
      341.19348852484177,
      330.030273976831,
      328.8962903206704,
      303.96228450038774,
      311.53345701067684,
      313.7218962901446,
      295.5676695120263,
      295.5588130972173,
      277.9879406127654,
      280.5003763441146,
      310.9140592192463,
      323.03243370857183,
      333.9582212688178,
      362.5076232811516,
      364.5714213897809,
      362.506307465096,
      352.63710431194613,
      337.9758516386955,
      347.49614258954347,
      325.22164183533647,
      334.96480745037775,
      327.38989739015034,
      312.2280607929259,
      318.3918416310431,
      312.33828499153486,
      317.89651245643716,
      303.7389984778662,
      292.4241659670085,
      293.0336701541442,
      287.06646260380643,
      283.0326248196654,
      279.150999945996,
      280.8948047546044,
      293.14648462525014,
      305.75777286889456,
      305.9151107733864,
      306.04733790057986,
      295.8501843903845,
      289.8429687091815,
      292.5798686310771,
      296.1358924236157,
      302.72186519895,
      311.4124843183369,
      314.7838324638183,
      307.20448477839597,
      303.689215524444,
      295.56817650953866,
      301.1715917213996,
      296.6927658619856,
      292.7025426543623,
      289.1129468827807,
      288.95580119958106,
      288.27756949040446,
      293.82902589333276,
      289.31602046912116,
      288.1882747556294,
      288.4330346506921,
      288.9356299501197,
      289.4522696045506,
      289.5577837306312,
      287.4431417902705,
      288.3419044436201,
      288.88918385871244,
      288.80577152156974,
      289.0852545926171,
      287.81845032409433,
      288.3233090921246,
      288.01578263082064,
      287.4597751313353,
      287.58328580941384,
      287.56645482502785,
      287.73568598424936,
      287.7004444608914,
      287.5481610421411,
      287.5840233916767
    ]
  }
}