{
  "experiment_name": "sphere_d8192_dge",
  "num_seeds": 3,
  "config": {
    "name": "sphere_d8192_dge",
    "benchmark": "sphere",
    "dimension": 8192,
    "budget": 20000,
    "init_range": [
      2.0,
      5.0
    ],
    "optimizer": {
      "name": "dge",
      "lr": 1.0,
      "lr_decay": 0.01,
      "delta": 0.01,
      "greedy_w": 0.0
    }
  },
  "aggregated_metrics": {
    "final_objective_mean": 61781.842447916664,
    "final_objective_std": 416.04409038389764
  },
  "aggregated_history": {
    "evaluations": [
      0,
      208,
      416,
      624,
      806,
      1014,
      1222,
      1404,
      1612,
      1820,
      2002,
      2210,
      2418,
      2600,
      2808,
      3016,
      3224,
      3406,
      3614,
      3822,
      4004,
      4212,
      4420,
      4602,
      4810,
      5018,
      5200,
      5408,
      5616,
      5824,
      6006,
      6214,
      6422,
      6604,
      6812,
      7020,
      7202,
      7410,
      7618,
      7800,
      8008,
      8216,
      8424,
      8606,
      8814,
      9022,
      9204,
      9412,
      9620,
      9802,
      10010,
      10218,
      10400,
      10608,
      10816,
      11024,
      11206,
      11414,
      11622,
      11804,
      12012,
      12220,
      12402,
      12610,
      12818,
      13000,
      13208,
      13416,
      13624,
      13806,
      14014,
      14222,
      14404,
      14612,
      14820,
      15002,
      15210,
      15418,
      15600,
      15808,
      16016,
      16224,
      16406,
      16614,
      16822,
      17004,
      17212,
      17420,
      17602,
      17810,
      18018,
      18200,
      18408,
      18616,
      18824,
      19006,
      19214,
      19422,
      19604,
      19812,
      20020
    ],
    "objective_value_mean": [
      106631.79427083333,
      106316.859375,
      105846.8984375,
      105275.09635416667,
      104755.0,
      104138.390625,
      103506.21614583333,
      102928.58333333333,
      102264.3984375,
      101605.453125,
      101035.171875,
      100376.61458333333,
      99720.80729166667,
      99182.6171875,
      98575.90625,
      97956.4375,
      97339.609375,
      96789.1015625,
      96160.28645833333,
      95547.7109375,
      95017.96354166667,
      94405.8671875,
      93814.14583333333,
      93287.12239583333,
      92690.50520833333,
      92102.46354166667,
      91581.640625,
      90996.84895833333,
      90400.0234375,
      89788.453125,
      89264.29166666667,
      88654.9765625,
      88030.34375,
      87493.93489583333,
      86877.9921875,
      86250.46614583333,
      85701.2265625,
      85075.85416666667,
      84485.54947916667,
      83995.12239583333,
      83415.04166666667,
      82835.5703125,
      82259.09375,
      81740.33854166667,
      81163.68489583333,
      80616.89583333333,
      80143.93229166667,
      79603.97135416667,
      79057.59114583333,
      78565.890625,
      77997.7265625,
      77447.76302083333,
      76949.23697916667,
      76389.9609375,
      75857.93489583333,
      75355.5234375,
      74906.140625,
      74397.07291666667,
      73886.33072916667,
      73436.609375,
      72911.59114583333,
      72379.16666666667,
      71908.03645833333,
      71349.95833333333,
      70807.76041666667,
      70345.94270833333,
      69836.25,
      69317.6953125,
      68801.42447916667,
      68381.51822916667,
      67897.92447916667,
      67383.734375,
      66969.4765625,
      66525.27604166667,
      66108.24479166667,
      65739.0,
      65352.989583333336,
      64970.114583333336,
      64694.088541666664,
      64383.397135416664,
      64097.205729166664,
      63833.25390625,
      63612.515625,
      63369.389322916664,
      63152.859375,
      62992.846354166664,
      62819.385416666664,
      62672.71484375,
      62557.416666666664,
      62429.9140625,
      62312.29296875,
      62227.365885416664,
      62139.9765625,
      62061.75,
      61998.842447916664,
      61956.938802083336,
      61912.826822916664,
      61874.393229166664,
      61846.578125,
      61813.84375,
      61781.842447916664
    ],
    "objective_value_std": [
      402.89203592025046,
      424.3837905535157,
      456.7984637304195,
      491.9435124556041,
      502.7517042872525,
      510.2408019200448,
      504.4462511281407,
      511.77034573429853,
      517.7409296228237,
      509.7790107597584,
      506.7111051513069,
      485.4082865424706,
      468.57135038947484,
      441.6201465065376,
      424.6500681014212,
      436.40732429901186,
      438.6233665484451,
      441.56046287532865,
      438.7791103036799,
      461.26861901889833,
      487.3323249858647,
      504.4735844945694,
      520.5811900605692,
      509.62648860824294,
      497.42978086869084,
      475.0492097476404,
      459.53689248880573,
      435.394851380463,
      425.16805161136296,
      415.67811666185827,
      418.4985272457451,
      426.5349820851542,
      446.3621560083317,
      466.964648908909,
      472.6461835618817,
      467.608407033082,
      463.1595593145413,
      441.8720754288924,
      420.60033922788915,
      404.3555213268339,
      417.4455390216131,
      443.34652849413345,
      456.9703201906621,
      457.21000249598484,
      444.0284143621433,
      443.5635164812496,
      448.5794312238123,
      420.1370791738888,
      402.004461429231,
      395.25229037524247,
      399.2332189668435,
      406.07098040471277,
      405.5730524933155,
      418.3430514925476,
      446.166158488472,
      458.62128018409186,
      476.2955830383849,
      464.3043989927784,
      454.1982064647007,
      441.98266954234896,
      436.9875764610898,
      421.8068738074721,
      428.8380467807789,
      423.09210045720846,
      441.223329278236,
      465.2634518679683,
      487.7449375074308,
      514.1182701906392,
      544.6619853795562,
      562.3371062725964,
      577.870928205647,
      582.6996370905251,
      566.8149443981112,
      533.7595551833858,
      522.3614373256985,
      517.1531447866873,
      493.89432871201524,
      499.84699873959437,
      510.79320576861676,
      491.83773425313694,
      466.68214137986826,
      467.52971694253324,
      465.1586537415323,
      473.971677965038,
      477.62283503875284,
      468.58250919699,
      444.89598047695705,
      429.2499597720122,
      426.97761987209157,
      429.1347661657643,
      428.93416280558546,
      429.9596485495264,
      428.5039196688281,
      429.5141654766854,
      426.666123568666,
      423.0906853990344,
      418.77128446875497,
      418.03779717518245,
      416.81034747633885,
      417.1550524430061,
      416.04409038389764
    ]
  }
}