{
    "D": 1048576,
    "B": 1024,
    "epsilon": 0.001,
    "active_vars": 15,
    "evals": 11264,
    "error_l2": 0.014975668862462044,
    "time_s": 19.39650321006775,
    "compression_ratio": 93.09099786931819
}