{
    "final_objective": 0.6127947568893433,
    "total_evaluations": 200704,
    "wall_clock_time": 14.39403772354126,
    "test_accuracy": 0.7933333516120911,
    "train_accuracy": 0.8410000205039978,
    "d": 25450,
    "architecture": [
        784,
        32,
        10
    ]
}