{
  "experiment": "v29_paper_stats",
  "arch": [
    784,
    128,
    64,
    10
  ],
  "budget": 800000,
  "k_blocks": [
    1024,
    128,
    16
  ],
  "lr": 0.05,
  "delta": 0.001,
  "window": 20,
  "seeds": [
    42,
    43,
    44,
    45,
    46,
    47
  ],
  "checkpoints": [
    40000,
    80000,
    120000,
    160000,
    200000,
    240000,
    280000,
    320000,
    360000,
    400000,
    440000,
    480000,
    520000,
    560000,
    600000,
    640000,
    680000,
    720000,
    760000,
    800000
  ],
  "summary": {
    "PureDGE": {
      "mean": 0.8222333333333333,
      "std": 0.022464243192732342,
      "values": [
        0.795,
        0.795,
        0.8167,
        0.835,
        0.835,
        0.8567
      ]
    },
    "ConsistencyDGE": {
      "mean": 0.8758499999999999,
      "std": 0.012263326084984719,
      "values": [
        0.8517,
        0.88,
        0.8767,
        0.8717,
        0.885,
        0.89
      ]
    }
  },
  "results": [
    {
      "method": "PureDGE",
      "seed": 42,
      "best_test_acc": 0.795,
      "curve_evals": [
        42048,
        81760,
        121472,
        161184,
        200896,
        240608,
        280320,
        320032,
        362080,
        401792,
        441504,
        481216,
        520928,
        560640,
        600352,
        640064,
        682112,
        721824,
        761536,
        801248
      ],
      "curve_acc": [
        0.68,
        0.7117,
        0.7633,
        0.7533,
        0.7483,
        0.7383,
        0.7883,
        0.765,
        0.7867,
        0.7867,
        0.795,
        0.7883,
        0.7883,
        0.79,
        0.795,
        0.7933,
        0.7917,
        0.7867,
        0.7883,
        0.7867
      ],
      "total_evals": 801248,
      "wall_time": 214.0
    },
    {
      "method": "ConsistencyDGE",
      "seed": 42,
      "best_test_acc": 0.8517,
      "curve_evals": [
        42048,
        81760,
        121472,
        161184,
        200896,
        240608,
        280320,
        320032,
        362080,
        401792,
        441504,
        481216,
        520928,
        560640,
        600352,
        640064,
        682112,
        721824,
        761536,
        801248
      ],
      "curve_acc": [
        0.7083,
        0.7883,
        0.795,
        0.8117,
        0.815,
        0.8283,
        0.8267,
        0.845,
        0.8333,
        0.83,
        0.8383,
        0.85,
        0.845,
        0.8517,
        0.8467,
        0.8467,
        0.85,
        0.85,
        0.85,
        0.8483
      ],
      "total_evals": 801248,
      "wall_time": 221.1
    },
    {
      "method": "PureDGE",
      "seed": 43,
      "best_test_acc": 0.795,
      "curve_evals": [
        42048,
        81760,
        121472,
        161184,
        200896,
        240608,
        280320,
        320032,
        362080,
        401792,
        441504,
        481216,
        520928,
        560640,
        600352,
        640064,
        682112,
        721824,
        761536,
        801248
      ],
      "curve_acc": [
        0.6817,
        0.7117,
        0.71,
        0.745,
        0.695,
        0.72,
        0.69,
        0.7,
        0.7283,
        0.7617,
        0.7617,
        0.7867,
        0.78,
        0.7767,
        0.795,
        0.7933,
        0.7883,
        0.79,
        0.7867,
        0.79
      ],
      "total_evals": 801248,
      "wall_time": 222.0
    },
    {
      "method": "ConsistencyDGE",
      "seed": 43,
      "best_test_acc": 0.88,
      "curve_evals": [
        42048,
        81760,
        121472,
        161184,
        200896,
        240608,
        280320,
        320032,
        362080,
        401792,
        441504,
        481216,
        520928,
        560640,
        600352,
        640064,
        682112,
        721824,
        761536,
        801248
      ],
      "curve_acc": [
        0.7483,
        0.785,
        0.835,
        0.825,
        0.8417,
        0.8467,
        0.8583,
        0.8633,
        0.87,
        0.86,
        0.8667,
        0.8733,
        0.88,
        0.8733,
        0.8783,
        0.8783,
        0.8767,
        0.8767,
        0.8767,
        0.8767
      ],
      "total_evals": 801248,
      "wall_time": 225.9
    },
    {
      "method": "PureDGE",
      "seed": 44,
      "best_test_acc": 0.8167,
      "curve_evals": [
        42048,
        81760,
        121472,
        161184,
        200896,
        240608,
        280320,
        320032,
        362080,
        401792,
        441504,
        481216,
        520928,
        560640,
        600352,
        640064,
        682112,
        721824,
        761536,
        801248
      ],
      "curve_acc": [
        0.665,
        0.7217,
        0.7017,
        0.6983,
        0.71,
        0.7017,
        0.7417,
        0.7717,
        0.7583,
        0.7733,
        0.79,
        0.79,
        0.7967,
        0.8033,
        0.8083,
        0.8083,
        0.8167,
        0.8117,
        0.8117,
        0.8167
      ],
      "total_evals": 801248,
      "wall_time": 223.8
    },
    {
      "method": "ConsistencyDGE",
      "seed": 44,
      "best_test_acc": 0.8767,
      "curve_evals": [
        42048,
        81760,
        121472,
        161184,
        200896,
        240608,
        280320,
        320032,
        362080,
        401792,
        441504,
        481216,
        520928,
        560640,
        600352,
        640064,
        682112,
        721824,
        761536,
        801248
      ],
      "curve_acc": [
        0.7283,
        0.8017,
        0.8033,
        0.8133,
        0.845,
        0.8333,
        0.8467,
        0.855,
        0.8617,
        0.86,
        0.865,
        0.8733,
        0.87,
        0.8717,
        0.8667,
        0.875,
        0.8767,
        0.8733,
        0.8733,
        0.875
      ],
      "total_evals": 801248,
      "wall_time": 222.3
    },
    {
      "method": "PureDGE",
      "seed": 45,
      "best_test_acc": 0.835,
      "curve_evals": [
        42048,
        81760,
        121472,
        161184,
        200896,
        240608,
        280320,
        320032,
        362080,
        401792,
        441504,
        481216,
        520928,
        560640,
        600352,
        640064,
        682112,
        721824,
        761536,
        801248
      ],
      "curve_acc": [
        0.6783,
        0.735,
        0.7483,
        0.7767,
        0.7683,
        0.7817,
        0.7817,
        0.7817,
        0.775,
        0.815,
        0.8117,
        0.8167,
        0.8233,
        0.825,
        0.825,
        0.835,
        0.8333,
        0.83,
        0.83,
        0.83
      ],
      "total_evals": 801248,
      "wall_time": 223.2
    },
    {
      "method": "ConsistencyDGE",
      "seed": 45,
      "best_test_acc": 0.8717,
      "curve_evals": [
        42048,
        81760,
        121472,
        161184,
        200896,
        240608,
        280320,
        320032,
        362080,
        401792,
        441504,
        481216,
        520928,
        560640,
        600352,
        640064,
        682112,
        721824,
        761536,
        801248
      ],
      "curve_acc": [
        0.6867,
        0.78,
        0.8067,
        0.8217,
        0.8283,
        0.8383,
        0.8533,
        0.8417,
        0.8517,
        0.8617,
        0.865,
        0.87,
        0.87,
        0.87,
        0.8667,
        0.8667,
        0.8717,
        0.87,
        0.87,
        0.87
      ],
      "total_evals": 801248,
      "wall_time": 221.5
    },
    {
      "method": "PureDGE",
      "seed": 46,
      "best_test_acc": 0.835,