{
  "experiment": "v33_backtracking",
  "budget_dge": 1000000,
  "seeds": [
    42,
    43,
    44
  ],
  "summary": {
    "DGE_Baseline": {
      "mean": 0.9108,
      "std": 0.005848646567084267,
      "values": [
        0.9103,
        0.9182,
        0.9039
      ]
    },
    "DGE_Backtracking": {
      "mean": 0.8738666666666667,
      "std": 0.0014704496666741792,
      "values": [
        0.8747,
        0.8718,
        0.8751
      ]
    }
  },
  "results": [
    {
      "method": "DGE_Baseline",
      "seed": 42,
      "best_test_acc": 0.9103,
      "curve_evals": [
        51392,
        100448,
        151840,
        200896,
        252288,
        301344,
        350400,
        401792,
        450848,
        502240,
        551296,
        600352,
        651744,
        700800,
        752192,
        801248,
        850304,
        901696,
        950752,
        1002144
      ],
      "curve_acc": [
        0.7032,
        0.8034,
        0.833,
        0.8511,
        0.8675,
        0.8596,
        0.8818,
        0.8796,
        0.879,
        0.8889,
        0.8954,
        0.8997,
        0.903,
        0.9032,
        0.9068,
        0.9081,
        0.9098,
        0.9092,
        0.91,
        0.9103
      ],
      "total_evals": 1002144,
      "wall_time": 336.9,
      "f_eval_time": 336.17,
      "internal_overhead_time": 0.73
    },
    {
      "method": "DGE_Backtracking",
      "seed": 42,
      "best_test_acc": 0.8747,
      "curve_evals": [
        51546,
        100749,
        152295,
        201498,
        250701,
        302247,
        351450,
        400653,
        452199,
        501402,
        550605,
        602151,
        651354,
        700557,
        752103,
        801306,
        850509,
        902055,
        951258,
        1000461
      ],
      "curve_acc": [
        0.7265,
        0.7693,
        0.7798,
        0.8082,
        0.7979,
        0.8136,
        0.8012,
        0.8129,
        0.8291,
        0.8198,
        0.8407,
        0.8543,
        0.8547,
        0.8646,
        0.8692,
        0.8692,
        0.8718,
        0.8737,
        0.8738,
        0.8747
      ],
      "total_evals": 1000461,
      "wall_time": 333.19,
      "f_eval_time": 332.46,
      "internal_overhead_time": 0.73
    },
    {
      "method": "DGE_Baseline",
      "seed": 43,
      "best_test_acc": 0.9182,
      "curve_evals": [
        51392,
        100448,
        151840,
        200896,
        252288,
        301344,
        350400,
        401792,
        450848,
        502240,
        551296,
        600352,
        651744,
        700800,
        752192,
        801248,
        850304,
        901696,
        950752,
        1002144
      ],
      "curve_acc": [
        0.7304,
        0.8046,
        0.8434,
        0.8615,
        0.8728,
        0.8743,
        0.8843,
        0.8842,
        0.8918,
        0.8954,
        0.904,
        0.9064,
        0.9069,
        0.9118,
        0.9144,
        0.9154,
        0.9168,
        0.9179,
        0.9182,
        0.918
      ],
      "total_evals": 1002144,
      "wall_time": 345.08,
      "f_eval_time": 344.28,
      "internal_overhead_time": 0.8
    },
    {
      "method": "DGE_Backtracking",
      "seed": 43,
      "best_test_acc": 0.8718,
      "curve_evals": [
        51546,
        100749,
        152295,
        201498,
        250701,
        302247,
        351450,
        400653,
        452199,
        501402,
        550605,
        602151,
        651354,
        700557,
        752103,
        801306,
        850509,
        902055,
        951258,
        1000461
      ],
      "curve_acc": [
        0.7364,
        0.8008,
        0.7955,
        0.7939,
        0.8025,
        0.7962,
        0.8083,
        0.8238,
        0.8086,
        0.8299,
        0.837,
        0.8351,
        0.8515,
        0.8642,
        0.8619,
        0.8695,
        0.869,
        0.8697,
        0.8718,
        0.8713
      ],
      "total_evals": 1000461,
      "wall_time": 439.94,
      "f_eval_time": 439.08,
      "internal_overhead_time": 0.86
    },
    {
      "method": "DGE_Baseline",
      "seed": 44,
      "best_test_acc": 0.9039,
      "curve_evals": [
        51392,
        100448,
        151840,
        200896,
        252288,
        301344,
        350400,
        401792,
        450848,
        502240,
        551296,
        600352,
        651744,
        700800,
        752192,
        801248,
        850304,
        901696,
        950752,
        1002144
      ],
      "curve_acc": [
        0.7621,
        0.8113,
        0.8331,
        0.851,
        0.8541,
        0.8628,
        0.8647,
        0.8662,
        0.8767,
        0.8846,
        0.8893,
        0.8941,
        0.8947,
        0.8976,
        0.8988,
        0.902,
        0.9025,
        0.9039,
        0.9032,
        0.9036
      ],
      "total_evals": 1002144,
      "wall_time": 561.46,
      "f_eval_time": 560.47,
      "internal_overhead_time": 0.98
    },
    {
      "method": "DGE_Backtracking",
      "seed": 44,
      "best_test_acc": 0.8751,
      "curve_evals": [
        51546,
        100749,
        152295,
        201498,
        250701,
        302247,
        351450,
        400653,
        452199,
        501402,
        550605,
        602151,
        651354,
        700557,
        752103,
        801306,
        850509,
        902055,
        951258,
        1000461
      ],
      "curve_acc": [
        0.7677,
        0.7762,
        0.7678,
        0.7968,
        0.7935,
        0.7993,
        0.8007,
        0.8086,
        0.8359,
        0.8477,
        0.8508,
        0.861,
        0.8555,
        0.8677,
        0.8698,
        0.8741,
        0.872,
        0.8748,
        0.8751,
        0.8747
      ],
      "total_evals": 1000461,
      "wall_time": 584.21,
      "f_eval_time": 583.08,
      "internal_overhead_time": 1.13
    }
  ]
}