{
  "experiment": "v34_consistency_v2",
  "budget_dge": 1000000,
  "seeds": [
    42,
    43,
    44
  ],
  "summary": {
    "DGE_Baseline": {
      "mean": 0.9156666666666666,
      "std": 0.0025249862485873997,
      "values": [
        0.9176,
        0.9173,
        0.9121
      ]
    },
    "DGE_Consist_V1": {
      "mean": 0.9160666666666666,
      "std": 0.0012256517540566822,
      "values": [
        0.916,
        0.9146,
        0.9176
      ]
    },
    "DGE_Consist_V2_Zero": {
      "mean": 0.9138666666666667,
      "std": 0.0001699673171197916,
      "values": [
        0.9141,
        0.9137,
        0.9138
      ]
    },
    "DGE_Consist_V2_0.1": {
      "mean": 0.9139333333333332,
      "std": 0.00018856180831644423,
      "values": [
        0.9142,
        0.9138,
        0.9138
      ]
    }
  },
  "results": [
    {
      "method": "DGE_Baseline",
      "seed": 42,
      "best_test_acc": 0.9176,
      "curve_evals": [
        51392,
        100448,
        151840,
        200896,
        252288,
        301344,
        350400,
        401792,
        450848,
        502240,
        551296,
        600352,
        651744,
        700800,
        752192,
        801248,
        850304,
        901696,
        950752,
        1002144
      ],
      "curve_acc": [
        0.7841,
        0.8373,
        0.8554,
        0.8686,
        0.8784,
        0.8896,
        0.8919,
        0.8934,
        0.8956,
        0.9016,
        0.9023,
        0.9068,
        0.9092,
        0.9119,
        0.9136,
        0.9143,
        0.916,
        0.9174,
        0.9174,
        0.9176
      ],
      "total_evals": 1002144,
      "wall_time": 277.86,
      "f_eval_time": 268.58,
      "internal_overhead_time": 9.28
    },
    {
      "method": "DGE_Consist_V1",
      "seed": 42,
      "best_test_acc": 0.916,
      "curve_evals": [
        51392,
        100448,
        151840,
        200896,
        252288,
        301344,
        350400,
        401792,
        450848,
        502240,
        551296,
        600352,
        651744,
        700800,
        752192,
        801248,
        850304,
        901696,
        950752,
        1002144
      ],
      "curve_acc": [
        0.759,
        0.8187,
        0.8518,
        0.8715,
        0.8851,
        0.8908,
        0.8953,
        0.899,
        0.9057,
        0.9078,
        0.9097,
        0.9078,
        0.913,
        0.913,
        0.9148,
        0.9145,
        0.9153,
        0.9156,
        0.916,
        0.9156
      ],
      "total_evals": 1002144,
      "wall_time": 269.47,
      "f_eval_time": 259.81,
      "internal_overhead_time": 9.66
    },
    {
      "method": "DGE_Consist_V2_Zero",
      "seed": 42,
      "best_test_acc": 0.9141,
      "curve_evals": [
        51392,
        100448,
        151840,
        200896,
        252288,
        301344,
        350400,
        401792,
        450848,
        502240,
        551296,
        600352,
        651744,
        700800,
        752192,
        801248,
        850304,
        901696,
        950752,
        1002144
      ],
      "curve_acc": [
        0.7475,
        0.8038,
        0.8403,
        0.864,
        0.8764,
        0.8874,
        0.8923,
        0.8981,
        0.9027,
        0.9045,
        0.9081,
        0.9086,
        0.9111,
        0.9122,
        0.9133,
        0.9129,
        0.9126,
        0.9132,
        0.9135,
        0.9141
      ],
      "total_evals": 1002144,
      "wall_time": 300.35,
      "f_eval_time": 285.27,
      "internal_overhead_time": 15.08
    },
    {
      "method": "DGE_Consist_V2_0.1",
      "seed": 42,
      "best_test_acc": 0.9142,
      "curve_evals": [
        51392,
        100448,
        151840,
        200896,
        252288,
        301344,
        350400,
        401792,
        450848,
        502240,
        551296,
        600352,
        651744,
        700800,
        752192,
        801248,
        850304,
        901696,
        950752,
        1002144
      ],
      "curve_acc": [
        0.7475,
        0.8038,
        0.8403,
        0.864,
        0.8764,
        0.8874,
        0.8923,
        0.8981,
        0.9027,
        0.9045,
        0.9081,
        0.9086,
        0.9111,
        0.9122,
        0.9133,
        0.913,
        0.9127,
        0.9132,
        0.9135,
        0.9142
      ],
      "total_evals": 1002144,
      "wall_time": 300.84,
      "f_eval_time": 285.75,
      "internal_overhead_time": 15.09
    },
    {
      "method": "DGE_Baseline",
      "seed": 43,
      "best_test_acc": 0.9173,
      "curve_evals": [
        51392,
        100448,
        151840,
        200896,
        252288,
        301344,
        350400,
        401792,
        450848,
        502240,
        551296,
        600352,
        651744,
        700800,
        752192,
        801248,
        850304,
        901696,
        950752,
        1002144
      ],
      "curve_acc": [
        0.7953,
        0.8407,
        0.8629,
        0.8741,
        0.8821,
        0.8856,
        0.8937,
        0.8969,
        0.9018,
        0.9027,
        0.9052,
        0.9074,
        0.9077,
        0.9096,
        0.9132,
        0.9137,
        0.9151,
        0.9171,
        0.9173,
        0.9169
      ],
      "total_evals": 1002144,
      "wall_time": 268.83,
      "f_eval_time": 259.48,
      "internal_overhead_time": 9.35
    },
    {
      "method": "DGE_Consist_V1",
      "seed": 43,
      "best_test_acc": 0.9146,
      "curve_evals": [
        51392,
        100448,
        151840,
        200896,
        252288,
        301344,
        350400,
        401792,
        450848,
        502240,
        551296,
        600352,
        651744,
        700800,
        752192,
        801248,
        850304,
        901696,
        950752,
        1002144
      ],
      "curve_acc": [
        0.7769,
        0.8341,
        0.8617,
        0.8669,
        0.8844,
        0.8875,
        0.8988,
        0.9016,
        0.902,
        0.9074,
        0.9087,
        0.9115,
        0.9116,
        0.9124,
        0.9137,
        0.9144,
        0.9146,
        0.9145,
        0.9145,
        0.9146
      ],
      "total_evals": 1002144,
      "wall_time": 269.25,
      "f_eval_time": 259.89,
      "internal_overhead_time": 9.36
    },
    {
      "method": "DGE_Consist_V2_Zero",
      "seed": 43,
      "best_test_acc": 0.9137,
      "curve_evals": [
        51392,
        100448,
        151840,
        200896,
        252288,
        301344,
        350400,
        401792,
        450848,
        502240,
        551296,
        600352,
        651744,
        700800,
        752192,
        801248,
        850304,
        901696,
        950752,
        1002144
      ],
      "curve_acc": [
        0.7658,
        0.8155,
        0.8462,
        0.8613,
        0.8766,
        0.886,
        0.8906,
        0.8952,
        0.8997,
        0.9033,
        0.9043,
        0.9102,
        0.9122,
        0.9103,
        0.9121,
        0.9126,
        0.9134,
        0.9136,
        0.9134,
        0.9137
      ],
      "total_evals": 1002144,
      "wall_time": 301.51,
      "f_eval_time": 286.23,
      "internal_overhead_time": 15.28
    },
    {
      "method": "DGE_Consist_V2_0.1",
      "seed": 43,
      "best_test_acc": 0.9138,
      "curve_evals": [
        51392,
        100448,
        151840,
        200896,
        252288,
        301344,
        350400,
        401792,
        450848,
        502240,
        551296,
        600352,
        651744,
        700800,
        752192,
        801248,
        850304,
        901696,
        950752,
        1002144
      ],